<?xml version='1.0' encoding='UTF-8'?>
<osm version="0.6" generator="trajectory_osm_exporter.py"><node id="-1" action="modify" visible="true" lat="0.00000000" lon="0.00000000"><tag k="local_x" v="0.00007562" /><tag k="local_y" v="0.00009201" /><tag k="local_z" v="-0.00017608" /></node><node id="-2" action="modify" visible="true" lat="-0.00000305" lon="0.00000904"><tag k="local_x" v="1.00670099" /><tag k="local_y" v="-0.34000161" /><tag k="local_z" v="-0.03964401" /></node><node id="-3" action="modify" visible="true" lat="0.00000028" lon="-0.00000079"><tag k="local_x" v="-0.08755518" /><tag k="local_y" v="0.03068844" /><tag k="local_z" v="0.00289710" /></node><node id="-4" action="modify" visible="true" lat="0.00000337" lon="-0.00000936"><tag k="local_x" v="-1.04185426" /><tag k="local_y" v="0.37494683" /><tag k="local_z" v="0.03768121" /></node><node id="-5" action="modify" visible="true" lat="0.00000673" lon="-0.00001804"><tag k="local_x" v="-2.00813317" /><tag k="local_y" v="0.74941087" /><tag k="local_z" v="0.08310449" /></node><node id="-6" action="modify" visible="true" lat="0.00001057" lon="-0.00002797"><tag k="local_x" v="-3.11373258" /><tag k="local_y" v="1.17635226" /><tag k="local_z" v="0.12994510" /></node><node id="-7" action="modify" visible="true" lat="0.00001312" lon="-0.00003733"><tag k="local_x" v="-4.15521479" /><tag k="local_y" v="1.46103954" /><tag k="local_z" v="0.17209223" /></node><node id="-8" action="modify" visible="true" lat="0.00001348" lon="-0.00004768"><tag k="local_x" v="-5.30771971" /><tag k="local_y" v="1.50039136" /><tag k="local_z" v="0.22553912" /></node><node id="-9" action="modify" visible="true" lat="0.00001218" lon="-0.00005572"><tag k="local_x" v="-6.20282173" /><tag k="local_y" v="1.35594702" /><tag k="local_z" v="0.26604819" /></node><node id="-10" action="modify" visible="true" lat="0.00000942" lon="-0.00006431"><tag k="local_x" v="-7.15920115" /><tag k="local_y" v="1.04847717" /><tag k="local_z" v="0.31011456" /></node><node id="-11" action="modify" visible="true" lat="0.00000612" lon="-0.00007289"><tag k="local_x" v="-8.11443329" /><tag k="local_y" v="0.68129450" /><tag k="local_z" v="0.35131580" /></node><node id="-12" action="modify" visible="true" lat="0.00000228" lon="-0.00008123"><tag k="local_x" v="-9.04283905" /><tag k="local_y" v="0.25366354" /><tag k="local_z" v="0.39366797" /></node><node id="-13" action="modify" visible="true" lat="-0.00000269" lon="-0.00009131"><tag k="local_x" v="-10.16448307" /><tag k="local_y" v="-0.29894313" /><tag k="local_z" v="0.44733727" /></node><node id="-14" action="modify" visible="true" lat="-0.00000757" lon="-0.00010131"><tag k="local_x" v="-11.27783680" /><tag k="local_y" v="-0.84244496" /><tag k="local_z" v="0.50549042" /></node><node id="-15" action="modify" visible="true" lat="-0.00001226" lon="-0.00011095"><tag k="local_x" v="-12.35133743" /><tag k="local_y" v="-1.36428511" /><tag k="local_z" v="0.56102288" /></node><node id="-16" action="modify" visible="true" lat="-0.00001716" lon="-0.00012098"><tag k="local_x" v="-13.46760559" /><tag k="local_y" v="-1.91054845" /><tag k="local_z" v="0.60148031" /></node><node id="-17" action="modify" visible="true" lat="-0.00002157" lon="-0.00012924"><tag k="local_x" v="-14.38754463" /><tag k="local_y" v="-2.40152454" /><tag k="local_z" v="0.66528136" /></node><node id="-18" action="modify" visible="true" lat="-0.00002835" lon="-0.00013822"><tag k="local_x" v="-15.38684559" /><tag k="local_y" v="-3.15586901" /><tag k="local_z" v="0.70684576" /></node><node id="-19" action="modify" visible="true" lat="-0.00003518" lon="-0.00014688"><tag k="local_x" v="-16.35121918" /><tag k="local_y" v="-3.91635036" /><tag k="local_z" v="0.75651217" /></node><node id="-20" action="modify" visible="true" lat="-0.00004199" lon="-0.00015560"><tag k="local_x" v="-17.32124329" /><tag k="local_y" v="-4.67406702" /><tag k="local_z" v="0.80105376" /></node><node id="-21" action="modify" visible="true" lat="-0.00004840" lon="-0.00016411"><tag k="local_x" v="-18.26842690" /><tag k="local_y" v="-5.38747501" /><tag k="local_z" v="0.83751279" /></node><node id="-22" action="modify" visible="true" lat="-0.00005502" lon="-0.00017301"><tag k="local_x" v="-19.25954628" /><tag k="local_y" v="-6.12502050" /><tag k="local_z" v="0.87461782" /></node><node id="-23" action="modify" visible="true" lat="-0.00006123" lon="-0.00018163"><tag k="local_x" v="-20.21872711" /><tag k="local_y" v="-6.81618834" /><tag k="local_z" v="0.91306698" /></node><node id="-24" action="modify" visible="true" lat="-0.00006708" lon="-0.00019008"><tag k="local_x" v="-21.15981102" /><tag k="local_y" v="-7.46706772" /><tag k="local_z" v="0.95697308" /></node><node id="-25" action="modify" visible="true" lat="-0.00007264" lon="-0.00019845"><tag k="local_x" v="-22.09122658" /><tag k="local_y" v="-8.08600330" /><tag k="local_z" v="1.00110662" /></node><node id="-26" action="modify" visible="true" lat="-0.00007782" lon="-0.00020728"><tag k="local_x" v="-23.07418251" /><tag k="local_y" v="-8.66243172" /><tag k="local_z" v="1.05501270" /></node><node id="-27" action="modify" visible="true" lat="-0.00008249" lon="-0.00021699"><tag k="local_x" v="-24.15537453" /><tag k="local_y" v="-9.18324661" /><tag k="local_z" v="1.10703540" /></node><node id="-28" action="modify" visible="true" lat="-0.00008687" lon="-0.00022723"><tag k="local_x" v="-25.29480171" /><tag k="local_y" v="-9.67014313" /><tag k="local_z" v="1.17342436" /></node><node id="-29" action="modify" visible="true" lat="-0.00009095" lon="-0.00023727"><tag k="local_x" v="-26.41267586" /><tag k="local_y" v="-10.12475872" /><tag k="local_z" v="1.22545910" /></node><node id="-30" action="modify" visible="true" lat="-0.00009487" lon="-0.00024738"><tag k="local_x" v="-27.53795052" /><tag k="local_y" v="-10.56102848" /><tag k="local_z" v="1.29921222" /></node><node id="-31" action="modify" visible="true" lat="-0.00009828" lon="-0.00025681"><tag k="local_x" v="-28.58771896" /><tag k="local_y" v="-10.94086361" /><tag k="local_z" v="1.34313667" /></node><node id="-32" action="modify" visible="true" lat="-0.00010216" lon="-0.00026677"><tag k="local_x" v="-29.69676208" /><tag k="local_y" v="-11.37217617" /><tag k="local_z" v="1.41872883" /></node><node id="-33" action="modify" visible="true" lat="-0.00010667" lon="-0.00027698"><tag k="local_x" v="-30.83358383" /><tag k="local_y" v="-11.87411594" /><tag k="local_z" v="1.48414338" /></node><node id="-34" action="modify" visible="true" lat="-0.00011053" lon="-0.00028557"><tag k="local_x" v="-31.78990746" /><tag k="local_y" v="-12.30450153" /><tag k="local_z" v="1.55135190" /></node><node id="-35" action="modify" visible="true" lat="-0.00011477" lon="-0.00029364"><tag k="local_x" v="-32.68855286" /><tag k="local_y" v="-12.77665043" /><tag k="local_z" v="1.57652795" /></node><node id="-36" action="modify" visible="true" lat="-0.00011908" lon="-0.00030225"><tag k="local_x" v="-33.64606857" /><tag k="local_y" v="-13.25630665" /><tag k="local_z" v="1.67254865" /></node><node id="-37" action="modify" visible="true" lat="-0.00012365" lon="-0.00031131"><tag k="local_x" v="-34.65463638" /><tag k="local_y" v="-13.76431465" /><tag k="local_z" v="1.76423633" /></node><node id="-38" action="modify" visible="true" lat="-0.00012763" lon="-0.00031946"><tag k="local_x" v="-35.56238174" /><tag k="local_y" v="-14.20751286" /><tag k="local_z" v="1.82726860" /></node><node id="-39" action="modify" visible="true" lat="-0.00013169" lon="-0.00032807"><tag k="local_x" v="-36.52118301" /><tag k="local_y" v="-14.65945625" /><tag k="local_z" v="1.89287329" /></node><node id="-40" action="modify" visible="true" lat="-0.00013575" lon="-0.00033690"><tag k="local_x" v="-37.50352478" /><tag k="local_y" v="-15.11182499" /><tag k="local_z" v="1.96265101" /></node><node id="-41" action="modify" visible="true" lat="-0.00013993" lon="-0.00034597"><tag k="local_x" v="-38.51310349" /><tag k="local_y" v="-15.57700825" /><tag k="local_z" v="2.01358533" /></node><node id="-42" action="modify" visible="true" lat="-0.00014376" lon="-0.00035499"><tag k="local_x" v="-39.51750565" /><tag k="local_y" v="-16.00374603" /><tag k="local_z" v="2.08426833" /></node><node id="-43" action="modify" visible="true" lat="-0.00014763" lon="-0.00036459"><tag k="local_x" v="-40.58626938" /><tag k="local_y" v="-16.43402290" /><tag k="local_z" v="2.15956450" /></node><node id="-44" action="modify" visible="true" lat="-0.00015147" lon="-0.00037425"><tag k="local_x" v="-41.66130066" /><tag k="local_y" v="-16.86164284" /><tag k="local_z" v="2.23029590" /></node><node id="-45" action="modify" visible="true" lat="-0.00015440" lon="-0.00038406"><tag k="local_x" v="-42.75381470" /><tag k="local_y" v="-17.18734169" /><tag k="local_z" v="2.28868294" /></node><node id="-46" action="modify" visible="true" lat="-0.00015567" lon="-0.00039465"><tag k="local_x" v="-43.93287277" /><tag k="local_y" v="-17.32894325" /><tag k="local_z" v="2.34018540" /></node><node id="-47" action="modify" visible="true" lat="-0.00015626" lon="-0.00040516"><tag k="local_x" v="-45.10220718" /><tag k="local_y" v="-17.39468765" /><tag k="local_z" v="2.38637447" /></node><node id="-48" action="modify" visible="true" lat="-0.00015646" lon="-0.00041571"><tag k="local_x" v="-46.27734756" /><tag k="local_y" v="-17.41766930" /><tag k="local_z" v="2.42905235" /></node><node id="-49" action="modify" visible="true" lat="-0.00015640" lon="-0.00042610"><tag k="local_x" v="-47.43365860" /><tag k="local_y" v="-17.41035080" /><tag k="local_z" v="2.46074843" /></node><node id="-50" action="modify" visible="true" lat="-0.00015618" lon="-0.00043656"><tag k="local_x" v="-48.59818268" /><tag k="local_y" v="-17.38591194" /><tag k="local_z" v="2.51059246" /></node><node id="-51" action="modify" visible="true" lat="-0.00015570" lon="-0.00044704"><tag k="local_x" v="-49.76504517" /><tag k="local_y" v="-17.33215714" /><tag k="local_z" v="2.52404070" /></node><node id="-52" action="modify" visible="true" lat="-0.00015474" lon="-0.00045766"><tag k="local_x" v="-50.94676590" /><tag k="local_y" v="-17.22607231" /><tag k="local_z" v="2.55477500" /></node><node id="-53" action="modify" visible="true" lat="-0.00015317" lon="-0.00046851"><tag k="local_x" v="-52.15451813" /><tag k="local_y" v="-17.05095863" /><tag k="local_z" v="2.58283854" /></node><node id="-54" action="modify" visible="true" lat="-0.00015155" lon="-0.00047915"><tag k="local_x" v="-53.33857727" /><tag k="local_y" v="-16.87058067" /><tag k="local_z" v="2.59379840" /></node><node id="-55" action="modify" visible="true" lat="-0.00014971" lon="-0.00048981"><tag k="local_x" v="-54.52571869" /><tag k="local_y" v="-16.66598320" /><tag k="local_z" v="2.62333918" /></node><node id="-56" action="modify" visible="true" lat="-0.00014780" lon="-0.00049972"><tag k="local_x" v="-55.62924194" /><tag k="local_y" v="-16.45298576" /><tag k="local_z" v="2.69826961" /></node><node id="-57" action="modify" visible="true" lat="-0.00014569" lon="-0.00050947"><tag k="local_x" v="-56.71378708" /><tag k="local_y" v="-16.21812057" /><tag k="local_z" v="2.75276685" /></node><node id="-58" action="modify" visible="true" lat="-0.00014330" lon="-0.00052016"><tag k="local_x" v="-57.90456772" /><tag k="local_y" v="-15.95260620" /><tag k="local_z" v="2.73020458" /></node><node id="-59" action="modify" visible="true" lat="-0.00014062" lon="-0.00053114"><tag k="local_x" v="-59.12647247" /><tag k="local_y" v="-15.65423393" /><tag k="local_z" v="2.68919039" /></node><node id="-60" action="modify" visible="true" lat="-0.00013788" lon="-0.00054151"><tag k="local_x" v="-60.28090668" /><tag k="local_y" v="-15.34897518" /><tag k="local_z" v="2.71574378" /></node><node id="-61" action="modify" visible="true" lat="-0.00013519" lon="-0.00055262"><tag k="local_x" v="-61.51733398" /><tag k="local_y" v="-15.04895592" /><tag k="local_z" v="2.72952652" /></node><node id="-62" action="modify" visible="true" lat="-0.00013347" lon="-0.00056240"><tag k="local_x" v="-62.60597610" /><tag k="local_y" v="-14.85825253" /><tag k="local_z" v="2.76237798" /></node><node id="-63" action="modify" visible="true" lat="-0.00013286" lon="-0.00057267"><tag k="local_x" v="-63.74993134" /><tag k="local_y" v="-14.78976917" /><tag k="local_z" v="2.78143740" /></node><node id="-64" action="modify" visible="true" lat="-0.00013369" lon="-0.00058293"><tag k="local_x" v="-64.89126587" /><tag k="local_y" v="-14.88194180" /><tag k="local_z" v="2.78633475" /></node><node id="-65" action="modify" visible="true" lat="-0.00013599" lon="-0.00059260"><tag k="local_x" v="-65.96775055" /><tag k="local_y" v="-15.13833618" /><tag k="local_z" v="2.80131149" /></node><node id="-66" action="modify" visible="true" lat="-0.00014006" lon="-0.00060182"><tag k="local_x" v="-66.99481201" /><tag k="local_y" v="-15.59185028" /><tag k="local_z" v="2.84340978" /></node><node id="-67" action="modify" visible="true" lat="-0.00014264" lon="-0.00060545"><tag k="local_x" v="-67.39865875" /><tag k="local_y" v="-15.87851143" /><tag k="local_z" v="2.85009623" /></node><node id="-68" action="modify" visible="true" lat="-0.00014647" lon="-0.00060864"><tag k="local_x" v="-67.75358582" /><tag k="local_y" v="-16.30532837" /><tag k="local_z" v="2.82486320" /></node><node id="-69" action="modify" visible="true" lat="-0.00015099" lon="-0.00061094"><tag k="local_x" v="-68.00941467" /><tag k="local_y" v="-16.80828857" /><tag k="local_z" v="2.69954515" /></node><node id="-70" action="modify" visible="true" lat="-0.00015631" lon="-0.00061146"><tag k="local_x" v="-68.06767273" /><tag k="local_y" v="-17.40088844" /><tag k="local_z" v="2.84403872" /></node><node id="-71" action="modify" visible="true" lat="-0.00016630" lon="-0.00061305"><tag k="local_x" v="-68.24485016" /><tag k="local_y" v="-18.51245499" /><tag k="local_z" v="3.03666568" /></node><node id="-72" action="modify" visible="true" lat="-0.00017514" lon="-0.00061429"><tag k="local_x" v="-68.38243103" /><tag k="local_y" v="-19.49682045" /><tag k="local_z" v="3.17055941" /></node><node id="-73" action="modify" visible="true" lat="-0.00018430" lon="-0.00061579"><tag k="local_x" v="-68.55024719" /><tag k="local_y" v="-20.51631165" /><tag k="local_z" v="3.27575874" /></node><node id="-74" action="modify" visible="true" lat="-0.00019315" lon="-0.00061728"><tag k="local_x" v="-68.71595001" /><tag k="local_y" v="-21.50130081" /><tag k="local_z" v="3.39493704" /></node><node id="-75" action="modify" visible="true" lat="-0.00020315" lon="-0.00061887"><tag k="local_x" v="-68.89279938" /><tag k="local_y" v="-22.61454201" /><tag k="local_z" v="3.50039363" /></node><node id="-76" action="modify" visible="true" lat="-0.00020776" lon="-0.00061963"><tag k="local_x" v="-68.97708893" /><tag k="local_y" v="-23.12804985" /><tag k="local_z" v="3.54304028" /></node><node id="-77" action="modify" visible="true" lat="-0.00021209" lon="-0.00062292"><tag k="local_x" v="-69.34398651" /><tag k="local_y" v="-23.60953903" /><tag k="local_z" v="3.61115718" /></node><node id="-78" action="modify" visible="true" lat="-0.00021957" lon="-0.00063004"><tag k="local_x" v="-70.13654327" /><tag k="local_y" v="-24.44289398" /><tag k="local_z" v="3.75482941" /></node><node id="-79" action="modify" visible="true" lat="-0.00022695" lon="-0.00063753"><tag k="local_x" v="-70.97016907" /><tag k="local_y" v="-25.26415253" /><tag k="local_z" v="3.95383525" /></node><node id="-80" action="modify" visible="true" lat="-0.00023346" lon="-0.00064146"><tag k="local_x" v="-71.40776062" /><tag k="local_y" v="-25.98844528" /><tag k="local_z" v="4.08617592" /></node><node id="-81" action="modify" visible="true" lat="-0.00024344" lon="-0.00064423"><tag k="local_x" v="-71.71545410" /><tag k="local_y" v="-27.09974289" /><tag k="local_z" v="4.23331976" /></node><node id="-82" action="modify" visible="true" lat="-0.00025293" lon="-0.00064718"><tag k="local_x" v="-72.04390717" /><tag k="local_y" v="-28.15655136" /><tag k="local_z" v="4.38253164" /></node><node id="-83" action="modify" visible="true" lat="-0.00026152" lon="-0.00064985"><tag k="local_x" v="-72.34181976" /><tag k="local_y" v="-29.11267281" /><tag k="local_z" v="4.53832483" /></node><node id="-84" action="modify" visible="true" lat="-0.00027231" lon="-0.00065305"><tag k="local_x" v="-72.69788361" /><tag k="local_y" v="-30.31328392" /><tag k="local_z" v="4.72100830" /></node><node id="-85" action="modify" visible="true" lat="-0.00028110" lon="-0.00065582"><tag k="local_x" v="-73.00537872" /><tag k="local_y" v="-31.29178047" /><tag k="local_z" v="4.88748264" /></node><node id="-86" action="modify" visible="true" lat="-0.00028997" lon="-0.00065807"><tag k="local_x" v="-73.25650787" /><tag k="local_y" v="-32.28001022" /><tag k="local_z" v="5.00259733" /></node><node id="-87" action="modify" visible="true" lat="-0.00030071" lon="-0.00065996"><tag k="local_x" v="-73.46691895" /><tag k="local_y" v="-33.47457504" /><tag k="local_z" v="5.17061758" /></node><node id="-88" action="modify" visible="true" lat="-0.00031006" lon="-0.00066081"><tag k="local_x" v="-73.56119537" /><tag k="local_y" v="-34.51578903" /><tag k="local_z" v="5.31229973" /></node><node id="-89" action="modify" visible="true" lat="-0.00031954" lon="-0.00066185"><tag k="local_x" v="-73.67704010" /><tag k="local_y" v="-35.57110596" /><tag k="local_z" v="5.42663002" /></node><node id="-90" action="modify" visible="true" lat="-0.00032942" lon="-0.00066296"><tag k="local_x" v="-73.80028534" /><tag k="local_y" v="-36.67151260" /><tag k="local_z" v="5.55558872" /></node><node id="-91" action="modify" visible="true" lat="-0.00033926" lon="-0.00066416"><tag k="local_x" v="-73.93449402" /><tag k="local_y" v="-37.76591492" /><tag k="local_z" v="5.67480278" /></node><node id="-92" action="modify" visible="true" lat="-0.00034913" lon="-0.00066561"><tag k="local_x" v="-74.09600067" /><tag k="local_y" v="-38.86536026" /><tag k="local_z" v="5.79331636" /></node><node id="-93" action="modify" visible="true" lat="-0.00035808" lon="-0.00066705"><tag k="local_x" v="-74.25554657" /><tag k="local_y" v="-39.86150742" /><tag k="local_z" v="5.90996218" /></node><node id="-94" action="modify" visible="true" lat="-0.00036714" lon="-0.00066861"><tag k="local_x" v="-74.42911530" /><tag k="local_y" v="-40.86963272" /><tag k="local_z" v="5.96652317" /></node><node id="-95" action="modify" visible="true" lat="-0.00037759" lon="-0.00067054"><tag k="local_x" v="-74.64443207" /><tag k="local_y" v="-42.03380966" /><tag k="local_z" v="6.03805685" /></node><node id="-96" action="modify" visible="true" lat="-0.00038859" lon="-0.00067244"><tag k="local_x" v="-74.85639191" /><tag k="local_y" v="-43.25776291" /><tag k="local_z" v="6.10569811" /></node><node id="-97" action="modify" visible="true" lat="-0.00039961" lon="-0.00067375"><tag k="local_x" v="-75.00183105" /><tag k="local_y" v="-44.48408890" /><tag k="local_z" v="6.17456627" /></node><node id="-98" action="modify" visible="true" lat="-0.00040878" lon="-0.00067425"><tag k="local_x" v="-75.05797577" /><tag k="local_y" v="-45.50593185" /><tag k="local_z" v="6.19938993" /></node><node id="-99" action="modify" visible="true" lat="-0.00041820" lon="-0.00067481"><tag k="local_x" v="-75.11962128" /><tag k="local_y" v="-46.55419922" /><tag k="local_z" v="6.21406507" /></node><node id="-100" action="modify" visible="true" lat="-0.00042775" lon="-0.00067566"><tag k="local_x" v="-75.21424866" /><tag k="local_y" v="-47.61680222" /><tag k="local_z" v="6.25552940" /></node><node id="-101" action="modify" visible="true" lat="-0.00043709" lon="-0.00067638"><tag k="local_x" v="-75.29410553" /><tag k="local_y" v="-48.65728760" /><tag k="local_z" v="6.29584885" /></node><node id="-102" action="modify" visible="true" lat="-0.00044669" lon="-0.00067730"><tag k="local_x" v="-75.39692688" /><tag k="local_y" v="-49.72502518" /><tag k="local_z" v="6.32518148" /></node><node id="-103" action="modify" visible="true" lat="-0.00045776" lon="-0.00067844"><tag k="local_x" v="-75.52365112" /><tag k="local_y" v="-50.95816803" /><tag k="local_z" v="6.37281942" /></node><node id="-104" action="modify" visible="true" lat="-0.00046865" lon="-0.00067970"><tag k="local_x" v="-75.66387939" /><tag k="local_y" v="-52.16998672" /><tag k="local_z" v="6.42465353" /></node><node id="-105" action="modify" visible="true" lat="-0.00047867" lon="-0.00068123"><tag k="local_x" v="-75.83483887" /><tag k="local_y" v="-53.28532791" /><tag k="local_z" v="6.44890022" /></node><node id="-106" action="modify" visible="true" lat="-0.00048858" lon="-0.00068169"><tag k="local_x" v="-75.88616180" /><tag k="local_y" v="-54.38890457" /><tag k="local_z" v="6.48504925" /></node><node id="-107" action="modify" visible="true" lat="-0.00049861" lon="-0.00068091"><tag k="local_x" v="-75.79870605" /><tag k="local_y" v="-55.50548935" /><tag k="local_z" v="6.49608564" /></node><node id="-108" action="modify" visible="true" lat="-0.00050802" lon="-0.00068007"><tag k="local_x" v="-75.70553589" /><tag k="local_y" v="-56.55228043" /><tag k="local_z" v="6.52816439" /></node><node id="-109" action="modify" visible="true" lat="-0.00051758" lon="-0.00067929"><tag k="local_x" v="-75.61851501" /><tag k="local_y" v="-57.61719131" /><tag k="local_z" v="6.51223183" /></node><node id="-110" action="modify" visible="true" lat="-0.00052701" lon="-0.00067850"><tag k="local_x" v="-75.53036499" /><tag k="local_y" v="-58.66689301" /><tag k="local_z" v="6.50815868" /></node><node id="-111" action="modify" visible="true" lat="-0.00053622" lon="-0.00067806"><tag k="local_x" v="-75.48210144" /><tag k="local_y" v="-59.69173431" /><tag k="local_z" v="6.49370670" /></node><node id="-112" action="modify" visible="true" lat="-0.00054554" lon="-0.00067747"><tag k="local_x" v="-75.41584015" /><tag k="local_y" v="-60.72961426" /><tag k="local_z" v="6.48965740" /></node><node id="-113" action="modify" visible="true" lat="-0.00055554" lon="-0.00067712"><tag k="local_x" v="-75.37665558" /><tag k="local_y" v="-61.84244156" /><tag k="local_z" v="6.45644760" /></node><node id="-114" action="modify" visible="true" lat="-0.00056533" lon="-0.00067681"><tag k="local_x" v="-75.34246826" /><tag k="local_y" v="-62.93247223" /><tag k="local_z" v="6.43224955" /></node><node id="-115" action="modify" visible="true" lat="-0.00057509" lon="-0.00067648"><tag k="local_x" v="-75.30554199" /><tag k="local_y" v="-64.01926422" /><tag k="local_z" v="6.43110895" /></node><node id="-116" action="modify" visible="true" lat="-0.00058523" lon="-0.00067591"><tag k="local_x" v="-75.24277496" /><tag k="local_y" v="-65.14763641" /><tag k="local_z" v="6.45448303" /></node><node id="-117" action="modify" visible="true" lat="-0.00059550" lon="-0.00067542"><tag k="local_x" v="-75.18762970" /><tag k="local_y" v="-66.29109192" /><tag k="local_z" v="6.46769238" /></node><node id="-118" action="modify" visible="true" lat="-0.00060543" lon="-0.00067445"><tag k="local_x" v="-75.08001709" /><tag k="local_y" v="-67.39693451" /><tag k="local_z" v="6.44759274" /></node><node id="-119" action="modify" visible="true" lat="-0.00061524" lon="-0.00067218"><tag k="local_x" v="-74.82688904" /><tag k="local_y" v="-68.48898315" /><tag k="local_z" v="6.43830156" /></node><node id="-120" action="modify" visible="true" lat="-0.00062456" lon="-0.00066927"><tag k="local_x" v="-74.50293732" /><tag k="local_y" v="-69.52549744" /><tag k="local_z" v="6.43772411" /></node><node id="-121" action="modify" visible="true" lat="-0.00063417" lon="-0.00066597"><tag k="local_x" v="-74.13527679" /><tag k="local_y" v="-70.59530640" /><tag k="local_z" v="6.43050528" /></node><node id="-122" action="modify" visible="true" lat="-0.00064292" lon="-0.00066121"><tag k="local_x" v="-73.60570526" /><tag k="local_y" v="-71.57029724" /><tag k="local_z" v="6.40322685" /></node><node id="-123" action="modify" visible="true" lat="-0.00065162" lon="-0.00065535"><tag k="local_x" v="-72.95385742" /><tag k="local_y" v="-72.53800201" /><tag k="local_z" v="6.39940357" /></node><node id="-124" action="modify" visible="true" lat="-0.00066024" lon="-0.00064876"><tag k="local_x" v="-72.22050476" /><tag k="local_y" v="-73.49839783" /><tag k="local_z" v="6.35106325" /></node><node id="-125" action="modify" visible="true" lat="-0.00066472" lon="-0.00064328"><tag k="local_x" v="-71.61034393" /><tag k="local_y" v="-73.99610901" /><tag k="local_z" v="6.30256081" /></node><node id="-126" action="modify" visible="true" lat="-0.00067026" lon="-0.00063522"><tag k="local_x" v="-70.71270752" /><tag k="local_y" v="-74.61281586" /><tag k="local_z" v="6.27471590" /></node><node id="-127" action="modify" visible="true" lat="-0.00067553" lon="-0.00062670"><tag k="local_x" v="-69.76447296" /><tag k="local_y" v="-75.19954681" /><tag k="local_z" v="6.19635677" /></node><node id="-128" action="modify" visible="true" lat="-0.00068054" lon="-0.00061793"><tag k="local_x" v="-68.78772736" /><tag k="local_y" v="-75.75745392" /><tag k="local_z" v="6.13848877" /></node><node id="-129" action="modify" visible="true" lat="-0.00068619" lon="-0.00060845"><tag k="local_x" v="-67.73297119" /><tag k="local_y" v="-76.38676453" /><tag k="local_z" v="6.04901409" /></node><node id="-130" action="modify" visible="true" lat="-0.00069138" lon="-0.00060093"><tag k="local_x" v="-66.89507294" /><tag k="local_y" v="-76.96393585" /><tag k="local_z" v="5.95548582" /></node><node id="-131" action="modify" visible="true" lat="-0.00069669" lon="-0.00059344"><tag k="local_x" v="-66.06204987" /><tag k="local_y" v="-77.55589294" /><tag k="local_z" v="5.88178778" /></node><node id="-132" action="modify" visible="true" lat="-0.00070221" lon="-0.00058558"><tag k="local_x" v="-65.18674469" /><tag k="local_y" v="-78.16976166" /><tag k="local_z" v="5.76135111" /></node><node id="-133" action="modify" visible="true" lat="-0.00070801" lon="-0.00057752"><tag k="local_x" v="-64.28987885" /><tag k="local_y" v="-78.81562042" /><tag k="local_z" v="5.59494591" /></node><node id="-134" action="modify" visible="true" lat="-0.00071400" lon="-0.00056956"><tag k="local_x" v="-63.40319443" /><tag k="local_y" v="-79.48258972" /><tag k="local_z" v="5.48581171" /></node><node id="-135" action="modify" visible="true" lat="-0.00071866" lon="-0.00056123"><tag k="local_x" v="-62.47658920" /><tag k="local_y" v="-80.00159454" /><tag k="local_z" v="5.32730627" /></node><node id="-136" action="modify" visible="true" lat="-0.00072291" lon="-0.00055242"><tag k="local_x" v="-61.49556351" /><tag k="local_y" v="-80.47429657" /><tag k="local_z" v="5.24026632" /></node><node id="-137" action="modify" visible="true" lat="-0.00072694" lon="-0.00054397"><tag k="local_x" v="-60.55501175" /><tag k="local_y" v="-80.92260742" /><tag k="local_z" v="5.14164686" /></node><node id="-138" action="modify" visible="true" lat="-0.00073136" lon="-0.00053496"><tag k="local_x" v="-59.55184174" /><tag k="local_y" v="-81.41481018" /><tag k="local_z" v="5.02800989" /></node><node id="-139" action="modify" visible="true" lat="-0.00073577" lon="-0.00052596"><tag k="local_x" v="-58.54956436" /><tag k="local_y" v="-81.90567017" /><tag k="local_z" v="4.92986774" /></node><node id="-140" action="modify" visible="true" lat="-0.00074016" lon="-0.00051704"><tag k="local_x" v="-57.55671692" /><tag k="local_y" v="-82.39496613" /><tag k="local_z" v="4.80717897" /></node><node id="-141" action="modify" visible="true" lat="-0.00074434" lon="-0.00050907"><tag k="local_x" v="-56.66963959" /><tag k="local_y" v="-82.86000824" /><tag k="local_z" v="4.70875406" /></node><node id="-142" action="modify" visible="true" lat="-0.00074862" lon="-0.00050100"><tag k="local_x" v="-55.77076721" /><tag k="local_y" v="-83.33586121" /><tag k="local_z" v="4.61933184" /></node><node id="-143" action="modify" visible="true" lat="-0.00075387" lon="-0.00049146"><tag k="local_x" v="-54.70957947" /><tag k="local_y" v="-83.92048645" /><tag k="local_z" v="4.49581528" /></node><node id="-144" action="modify" visible="true" lat="-0.00075927" lon="-0.00048216"><tag k="local_x" v="-53.67454910" /><tag k="local_y" v="-84.52209473" /><tag k="local_z" v="4.39300060" /></node><node id="-145" action="modify" visible="true" lat="-0.00076463" lon="-0.00047294"><tag k="local_x" v="-52.64739990" /><tag k="local_y" v="-85.11882019" /><tag k="local_z" v="4.27953482" /></node><node id="-146" action="modify" visible="true" lat="-0.00077040" lon="-0.00046361"><tag k="local_x" v="-51.60887909" /><tag k="local_y" v="-85.76084900" /><tag k="local_z" v="4.17185593" /></node><node id="-147" action="modify" visible="true" lat="-0.00077616" lon="-0.00045449"><tag k="local_x" v="-50.59400558" /><tag k="local_y" v="-86.40170288" /><tag k="local_z" v="4.07598972" /></node><node id="-148" action="modify" visible="true" lat="-0.00078115" lon="-0.00044449"><tag k="local_x" v="-49.48041916" /><tag k="local_y" v="-86.95816803" /><tag k="local_z" v="3.93832684" /></node><node id="-149" action="modify" visible="true" lat="-0.00078527" lon="-0.00043639"><tag k="local_x" v="-48.57894135" /><tag k="local_y" v="-87.41676331" /><tag k="local_z" v="3.77066255" /></node><node id="-150" action="modify" visible="true" lat="-0.00078955" lon="-0.00042790"><tag k="local_x" v="-47.63342667" /><tag k="local_y" v="-87.89238739" /><tag k="local_z" v="3.68427134" /></node><node id="-151" action="modify" visible="true" lat="-0.00079428" lon="-0.00041883"><tag k="local_x" v="-46.62381744" /><tag k="local_y" v="-88.41955566" /><tag k="local_z" v="3.58854556" /></node><node id="-152" action="modify" visible="true" lat="-0.00079921" lon="-0.00041004"><tag k="local_x" v="-45.64574051" /><tag k="local_y" v="-88.96826935" /><tag k="local_z" v="3.56847024" /></node><node id="-153" action="modify" visible="true" lat="-0.00080394" lon="-0.00040192"><tag k="local_x" v="-44.74141312" /><tag k="local_y" v="-89.49501801" /><tag k="local_z" v="3.52362061" /></node><node id="-154" action="modify" visible="true" lat="-0.00080933" lon="-0.00039288"><tag k="local_x" v="-43.73585129" /><tag k="local_y" v="-90.09442902" /><tag k="local_z" v="3.49052382" /></node><node id="-155" action="modify" visible="true" lat="-0.00081453" lon="-0.00038430"><tag k="local_x" v="-42.78015518" /><tag k="local_y" v="-90.67362976" /><tag k="local_z" v="3.43297648" /></node><node id="-156" action="modify" visible="true" lat="-0.00082043" lon="-0.00037526"><tag k="local_x" v="-41.77340698" /><tag k="local_y" v="-91.33028412" /><tag k="local_z" v="3.37117720" /></node><node id="-157" action="modify" visible="true" lat="-0.00082695" lon="-0.00036718"><tag k="local_x" v="-40.87398911" /><tag k="local_y" v="-92.05588531" /><tag k="local_z" v="3.36027193" /></node><node id="-158" action="modify" visible="true" lat="-0.00083344" lon="-0.00036212"><tag k="local_x" v="-40.31141281" /><tag k="local_y" v="-92.77845764" /><tag k="local_z" v="3.31281805" /></node><node id="-159" action="modify" visible="true" lat="-0.00084150" lon="-0.00035943"><tag k="local_x" v="-40.01190948" /><tag k="local_y" v="-93.67585754" /><tag k="local_z" v="3.33765507" /></node><node id="-160" action="modify" visible="true" lat="-0.00084946" lon="-0.00035911"><tag k="local_x" v="-39.97583008" /><tag k="local_y" v="-94.56174469" /><tag k="local_z" v="3.33035660" /></node><node id="-161" action="modify" visible="true" lat="-0.00085744" lon="-0.00036098"><tag k="local_x" v="-40.18476868" /><tag k="local_y" v="-95.45075989" /><tag k="local_z" v="3.33185315" /></node><node id="-162" action="modify" visible="true" lat="-0.00086503" lon="-0.00036456"><tag k="local_x" v="-40.58285904" /><tag k="local_y" v="-96.29568481" /><tag k="local_z" v="3.30655456" /></node><node id="-163" action="modify" visible="true" lat="-0.00087255" lon="-0.00036955"><tag k="local_x" v="-41.13875961" /><tag k="local_y" v="-97.13191986" /><tag k="local_z" v="3.29229856" /></node><node id="-164" action="modify" visible="true" lat="-0.00087818" lon="-0.00037373"><tag k="local_x" v="-41.60357285" /><tag k="local_y" v="-97.75906372" /><tag k="local_z" v="3.29241824" /></node><node id="-165" action="modify" visible="true" lat="-0.00088279" lon="-0.00037377"><tag k="local_x" v="-41.60758591" /><tag k="local_y" v="-98.27259064" /><tag k="local_z" v="3.28581262" /></node><node id="-166" action="modify" visible="true" lat="-0.00089378" lon="-0.00037342"><tag k="local_x" v="-41.56905746" /><tag k="local_y" v="-99.49525452" /><tag k="local_z" v="3.20873070" /></node><node id="-167" action="modify" visible="true" lat="-0.00090462" lon="-0.00037111"><tag k="local_x" v="-41.31181335" /><tag k="local_y" v="-100.70211029" /><tag k="local_z" v="3.17005062" /></node><node id="-168" action="modify" visible="true" lat="-0.00091409" lon="-0.00036608"><tag k="local_x" v="-40.75218201" /><tag k="local_y" v="-101.75598907" /><tag k="local_z" v="3.10029364" /></node><node id="-169" action="modify" visible="true" lat="-0.00092304" lon="-0.00036012"><tag k="local_x" v="-40.08892822" /><tag k="local_y" v="-102.75279999" /><tag k="local_z" v="3.06109667" /></node><node id="-170" action="modify" visible="true" lat="-0.00093109" lon="-0.00035408"><tag k="local_x" v="-39.41619873" /><tag k="local_y" v="-103.64899445" /><tag k="local_z" v="3.01434278" /></node><node id="-171" action="modify" visible="true" lat="-0.00093894" lon="-0.00034815"><tag k="local_x" v="-38.75570297" /><tag k="local_y" v="-104.52289581" /><tag k="local_z" v="2.97720075" /></node><node id="-172" action="modify" visible="true" lat="-0.00094661" lon="-0.00034247"><tag k="local_x" v="-38.12411118" /><tag k="local_y" v="-105.37717438" /><tag k="local_z" v="2.95145702" /></node><node id="-173" action="modify" visible="true" lat="-0.00095505" lon="-0.00033590"><tag k="local_x" v="-37.39258575" /><tag k="local_y" v="-106.31644440" /><tag k="local_z" v="2.92762375" /></node><node id="-174" action="modify" visible="true" lat="-0.00096245" lon="-0.00032966"><tag k="local_x" v="-36.69795990" /><tag k="local_y" v="-107.14035034" /><tag k="local_z" v="2.87479520" /></node><node id="-175" action="modify" visible="true" lat="-0.00096994" lon="-0.00032332"><tag k="local_x" v="-35.99223709" /><tag k="local_y" v="-107.97321320" /><tag k="local_z" v="2.86957431" /></node><node id="-176" action="modify" visible="true" lat="-0.00097780" lon="-0.00031673"><tag k="local_x" v="-35.25887680" /><tag k="local_y" v="-108.84921265" /><tag k="local_z" v="2.75371146" /></node><node id="-177" action="modify" visible="true" lat="-0.00098662" lon="-0.00030943"><tag k="local_x" v="-34.44612503" /><tag k="local_y" v="-109.83036804" /><tag k="local_z" v="2.71847868" /></node><node id="-178" action="modify" visible="true" lat="-0.00099466" lon="-0.00030318"><tag k="local_x" v="-33.75006485" /><tag k="local_y" v="-110.72570038" /><tag k="local_z" v="2.71158147" /></node><node id="-179" action="modify" visible="true" lat="-0.00100307" lon="-0.00029657"><tag k="local_x" v="-33.01376343" /><tag k="local_y" v="-111.66135406" /><tag k="local_z" v="2.65963173" /></node><node id="-180" action="modify" visible="true" lat="-0.00101122" lon="-0.00029046"><tag k="local_x" v="-32.33417892" /><tag k="local_y" v="-112.56919861" /><tag k="local_z" v="2.63228679" /></node><node id="-181" action="modify" visible="true" lat="-0.00101956" lon="-0.00028442"><tag k="local_x" v="-31.66203880" /><tag k="local_y" v="-113.49716187" /><tag k="local_z" v="2.60741973" /></node><node id="-182" action="modify" visible="true" lat="-0.00102849" lon="-0.00027814"><tag k="local_x" v="-30.96213150" /><tag k="local_y" v="-114.49100494" /><tag k="local_z" v="2.57957029" /></node><node id="-183" action="modify" visible="true" lat="-0.00103653" lon="-0.00027238"><tag k="local_x" v="-30.32087326" /><tag k="local_y" v="-115.38612366" /><tag k="local_z" v="2.53584909" /></node><node id="-184" action="modify" visible="true" lat="-0.00104541" lon="-0.00026641"><tag k="local_x" v="-29.65634918" /><tag k="local_y" v="-116.37453461" /><tag k="local_z" v="2.49436402" /></node><node id="-185" action="modify" visible="true" lat="-0.00105436" lon="-0.00026059"><tag k="local_x" v="-29.00880432" /><tag k="local_y" v="-117.37141418" /><tag k="local_z" v="2.45064878" /></node><node id="-186" action="modify" visible="true" lat="-0.00106347" lon="-0.00025488"><tag k="local_x" v="-28.37342834" /><tag k="local_y" v="-118.38574982" /><tag k="local_z" v="2.42172933" /></node><node id="-187" action="modify" visible="true" lat="-0.00107211" lon="-0.00024915"><tag k="local_x" v="-27.73552895" /><tag k="local_y" v="-119.34741974" /><tag k="local_z" v="2.38971257" /></node><node id="-188" action="modify" visible="true" lat="-0.00108026" lon="-0.00024280"><tag k="local_x" v="-27.02902794" /><tag k="local_y" v="-120.25504303" /><tag k="local_z" v="2.33638215" /></node><node id="-189" action="modify" visible="true" lat="-0.00108797" lon="-0.00023566"><tag k="local_x" v="-26.23323631" /><tag k="local_y" v="-121.11291504" /><tag k="local_z" v="2.28788590" /></node><node id="-190" action="modify" visible="true" lat="-0.00109543" lon="-0.00022857"><tag k="local_x" v="-25.44458961" /><tag k="local_y" v="-121.94371033" /><tag k="local_z" v="2.30539250" /></node><node id="-191" action="modify" visible="true" lat="-0.00110354" lon="-0.00022138"><tag k="local_x" v="-24.64347267" /><tag k="local_y" v="-122.84609222" /><tag k="local_z" v="2.24545455" /></node><node id="-192" action="modify" visible="true" lat="-0.00110897" lon="-0.00021529"><tag k="local_x" v="-23.96636009" /><tag k="local_y" v="-123.45026398" /><tag k="local_z" v="2.20459747" /></node><node id="-193" action="modify" visible="true" lat="-0.00111256" lon="-0.00020801"><tag k="local_x" v="-23.15594673" /><tag k="local_y" v="-123.85011292" /><tag k="local_z" v="2.15660739" /></node><node id="-194" action="modify" visible="true" lat="-0.00111464" lon="-0.00019796"><tag k="local_x" v="-22.03671837" /><tag k="local_y" v="-124.08199310" /><tag k="local_z" v="2.13831878" /></node><node id="-195" action="modify" visible="true" lat="-0.00111425" lon="-0.00018844"><tag k="local_x" v="-20.97764397" /><tag k="local_y" v="-124.03791809" /><tag k="local_z" v="2.09880209" /></node><node id="-196" action="modify" visible="true" lat="-0.00111242" lon="-0.00017911"><tag k="local_x" v="-19.93838310" /><tag k="local_y" v="-123.83435822" /><tag k="local_z" v="2.08535910" /></node><node id="-197" action="modify" visible="true" lat="-0.00110961" lon="-0.00016957"><tag k="local_x" v="-18.87676811" /><tag k="local_y" v="-123.52203369" /><tag k="local_z" v="2.06215215" /></node><node id="-198" action="modify" visible="true" lat="-0.00110677" lon="-0.00016005"><tag k="local_x" v="-17.81637001" /><tag k="local_y" v="-123.20561218" /><tag k="local_z" v="2.02651167" /></node><node id="-199" action="modify" visible="true" lat="-0.00110377" lon="-0.00015068"><tag k="local_x" v="-16.77343559" /><tag k="local_y" v="-122.87133789" /><tag k="local_z" v="2.00438404" /></node><node id="-200" action="modify" visible="true" lat="-0.00110074" lon="-0.00014166"><tag k="local_x" v="-15.76961803" /><tag k="local_y" v="-122.53448486" /><tag k="local_z" v="1.99821329" /></node><node id="-201" action="modify" visible="true" lat="-0.00109749" lon="-0.00013231"><tag k="local_x" v="-14.72850895" /><tag k="local_y" v="-122.17217255" /><tag k="local_z" v="2.00657034" /></node><node id="-202" action="modify" visible="true" lat="-0.00109330" lon="-0.00012371"><tag k="local_x" v="-13.77187443" /><tag k="local_y" v="-121.70635986" /><tag k="local_z" v="2.02904248" /></node><node id="-203" action="modify" visible="true" lat="-0.00108817" lon="-0.00011565"><tag k="local_x" v="-12.87387180" /><tag k="local_y" v="-121.13496399" /><tag k="local_z" v="2.08106184" /></node><node id="-204" action="modify" visible="true" lat="-0.00108230" lon="-0.00010753"><tag k="local_x" v="-11.97061348" /><tag k="local_y" v="-120.48157501" /><tag k="local_z" v="2.10877776" /></node><node id="-205" action="modify" visible="true" lat="-0.00107612" lon="-0.00009957"><tag k="local_x" v="-11.08391190" /><tag k="local_y" v="-119.79389191" /><tag k="local_z" v="2.11565590" /></node><node id="-206" action="modify" visible="true" lat="-0.00106964" lon="-0.00009145"><tag k="local_x" v="-10.18019772" /><tag k="local_y" v="-119.07284546" /><tag k="local_z" v="2.13160300" /></node><node id="-207" action="modify" visible="true" lat="-0.00106256" lon="-0.00008440"><tag k="local_x" v="-9.39550495" /><tag k="local_y" v="-118.28362274" /><tag k="local_z" v="2.12900782" /></node><node id="-208" action="modify" visible="true" lat="-0.00105465" lon="-0.00007853"><tag k="local_x" v="-8.74163246" /><tag k="local_y" v="-117.40396118" /><tag k="local_z" v="2.14416552" /></node><node id="-209" action="modify" visible="true" lat="-0.00104629" lon="-0.00007389"><tag k="local_x" v="-8.22526360" /><tag k="local_y" v="-116.47330475" /><tag k="local_z" v="2.13793039" /></node><node id="-210" action="modify" visible="true" lat="-0.00103782" lon="-0.00006953"><tag k="local_x" v="-7.73958588" /><tag k="local_y" v="-115.53018188" /><tag k="local_z" v="2.11356568" /></node><node id="-211" action="modify" visible="true" lat="-0.00102968" lon="-0.00006377"><tag k="local_x" v="-7.09883451" /><tag k="local_y" v="-114.62390900" /><tag k="local_z" v="2.09670353" /></node><node id="-212" action="modify" visible="true" lat="-0.00102255" lon="-0.00005762"><tag k="local_x" v="-6.41462421" /><tag k="local_y" v="-113.82981110" /><tag k="local_z" v="2.06743050" /></node><node id="-213" action="modify" visible="true" lat="-0.00101633" lon="-0.00005092"><tag k="local_x" v="-5.66892004" /><tag k="local_y" v="-113.13808441" /><tag k="local_z" v="2.02436161" /></node><node id="-214" action="modify" visible="true" lat="-0.00101056" lon="-0.00004375"><tag k="local_x" v="-4.86998034" /><tag k="local_y" v="-112.49597931" /><tag k="local_z" v="1.99787331" /></node><node id="-215" action="modify" visible="true" lat="-0.00100228" lon="-0.00003617"><tag k="local_x" v="-4.02694750" /><tag k="local_y" v="-111.57382202" /><tag k="local_z" v="1.93113363" /></node><node id="-216" action="modify" visible="true" lat="-0.00099729" lon="-0.00003319"><tag k="local_x" v="-3.69512486" /><tag k="local_y" v="-111.01861572" /><tag k="local_z" v="2.01329494" /></node><node id="-217" action="modify" visible="true" lat="-0.00099089" lon="-0.00003181"><tag k="local_x" v="-3.54060555" /><tag k="local_y" v="-110.30547333" /><tag k="local_z" v="2.01394725" /></node><node id="-218" action="modify" visible="true" lat="-0.00098480" lon="-0.00003209"><tag k="local_x" v="-3.57280970" /><tag k="local_y" v="-109.62769318" /><tag k="local_z" v="2.00110221" /></node><node id="-219" action="modify" visible="true" lat="-0.00097912" lon="-0.00003356"><tag k="local_x" v="-3.73592401" /><tag k="local_y" v="-108.99571228" /><tag k="local_z" v="1.97587609" /></node><node id="-220" action="modify" visible="true" lat="-0.00097012" lon="-0.00003791"><tag k="local_x" v="-4.22058487" /><tag k="local_y" v="-107.99365234" /><tag k="local_z" v="1.93407834" /></node><node id="-221" action="modify" visible="true" lat="-0.00096197" lon="-0.00004364"><tag k="local_x" v="-4.85832262" /><tag k="local_y" v="-107.08665466" /><tag k="local_z" v="1.89578152" /></node><node id="-222" action="modify" visible="true" lat="-0.00095302" lon="-0.00005005"><tag k="local_x" v="-5.57149172" /><tag k="local_y" v="-106.08977509" /><tag k="local_z" v="1.84330678" /></node><node id="-223" action="modify" visible="true" lat="-0.00094405" lon="-0.00005634"><tag k="local_x" v="-6.27150726" /><tag k="local_y" v="-105.09170532" /><tag k="local_z" v="1.81399071" /></node><node id="-224" action="modify" visible="true" lat="-0.00093610" lon="-0.00006176"><tag k="local_x" v="-6.87507343" /><tag k="local_y" v="-104.20651245" /><tag k="local_z" v="1.77329922" /></node><node id="-225" action="modify" visible="true" lat="-0.00092789" lon="-0.00006727"><tag k="local_x" v="-7.48868942" /><tag k="local_y" v="-103.29222107" /><tag k="local_z" v="1.73176229" /></node><node id="-226" action="modify" visible="true" lat="-0.00091913" lon="-0.00007299"><tag k="local_x" v="-8.12509632" /><tag k="local_y" v="-102.31731415" /><tag k="local_z" v="1.66547287" /></node><node id="-227" action="modify" visible="true" lat="-0.00091076" lon="-0.00007837"><tag k="local_x" v="-8.72427177" /><tag k="local_y" v="-101.38555908" /><tag k="local_z" v="1.60546219" /></node><node id="-228" action="modify" visible="true" lat="-0.00090170" lon="-0.00008389"><tag k="local_x" v="-9.33841038" /><tag k="local_y" v="-100.37720490" /><tag k="local_z" v="1.54073131" /></node><node id="-229" action="modify" visible="true" lat="-0.00089312" lon="-0.00008874"><tag k="local_x" v="-9.87898636" /><tag k="local_y" v="-99.42169189" /><tag k="local_z" v="1.50328279" /></node><node id="-230" action="modify" visible="true" lat="-0.00088764" lon="-0.00009038"><tag k="local_x" v="-10.06164265" /><tag k="local_y" v="-98.81230164" /><tag k="local_z" v="1.50756168" /></node><node id="-231" action="modify" visible="true" lat="-0.00088153" lon="-0.00009098"><tag k="local_x" v="-10.12827015" /><tag k="local_y" v="-98.13181305" /><tag k="local_z" v="1.48912740" /></node><node id="-232" action="modify" visible="true" lat="-0.00087357" lon="-0.00008964"><tag k="local_x" v="-9.97898388" /><tag k="local_y" v="-97.24544525" /><tag k="local_z" v="1.46732736" /></node><node id="-233" action="modify" visible="true" lat="-0.00086441" lon="-0.00008608"><tag k="local_x" v="-9.58242512" /><tag k="local_y" v="-96.22629547" /><tag k="local_z" v="1.45737314" /></node><node id="-234" action="modify" visible="true" lat="-0.00085612" lon="-0.00008239"><tag k="local_x" v="-9.17188644" /><tag k="local_y" v="-95.30277252" /><tag k="local_z" v="1.44841003" /></node><node id="-235" action="modify" visible="true" lat="-0.00084761" lon="-0.00007752"><tag k="local_x" v="-8.62909412" /><tag k="local_y" v="-94.35638428" /><tag k="local_z" v="1.45762527" /></node><node id="-236" action="modify" visible="true" lat="-0.00083865" lon="-0.00007230"><tag k="local_x" v="-8.04878521" /><tag k="local_y" v="-93.35799408" /><tag k="local_z" v="1.41594481" /></node><node id="-237" action="modify" visible="true" lat="-0.00083023" lon="-0.00006775"><tag k="local_x" v="-7.54196119" /><tag k="local_y" v="-92.42129517" /><tag k="local_z" v="1.39932644" /></node><node id="-238" action="modify" visible="true" lat="-0.00082199" lon="-0.00006205"><tag k="local_x" v="-6.90750790" /><tag k="local_y" v="-91.50447845" /><tag k="local_z" v="1.38270020" /></node><node id="-239" action="modify" visible="true" lat="-0.00081478" lon="-0.00005479"><tag k="local_x" v="-6.09970427" /><tag k="local_y" v="-90.70152283" /><tag k="local_z" v="1.38716006" /></node><node id="-240" action="modify" visible="true" lat="-0.00080894" lon="-0.00004678"><tag k="local_x" v="-5.20771933" /><tag k="local_y" v="-90.05158234" /><tag k="local_z" v="1.36577702" /></node><node id="-241" action="modify" visible="true" lat="-0.00080329" lon="-0.00003844"><tag k="local_x" v="-4.27935362" /><tag k="local_y" v="-89.42241669" /><tag k="local_z" v="1.35048854" /></node><node id="-242" action="modify" visible="true" lat="-0.00079755" lon="-0.00003000"><tag k="local_x" v="-3.33948541" /><tag k="local_y" v="-88.78325653" /><tag k="local_z" v="1.35553586" /></node><node id="-243" action="modify" visible="true" lat="-0.00079152" lon="-0.00002195"><tag k="local_x" v="-2.44345093" /><tag k="local_y" v="-88.11250305" /><tag k="local_z" v="1.31255722" /></node><node id="-244" action="modify" visible="true" lat="-0.00078552" lon="-0.00001398"><tag k="local_x" v="-1.55670655" /><tag k="local_y" v="-87.44358063" /><tag k="local_z" v="1.28340518" /></node><node id="-245" action="modify" visible="true" lat="-0.00077940" lon="-0.00000561"><tag k="local_x" v="-0.62425101" /><tag k="local_y" v="-86.76273346" /><tag k="local_z" v="1.25995541" /></node><node id="-246" action="modify" visible="true" lat="-0.00077322" lon="0.00000303"><tag k="local_x" v="0.33748612" /><tag k="local_y" v="-86.07474518" /><tag k="local_z" v="1.23715830" /></node><node id="-247" action="modify" visible="true" lat="-0.00076727" lon="0.00001141"><tag k="local_x" v="1.27018404" /><tag k="local_y" v="-85.41268921" /><tag k="local_z" v="1.22621918" /></node><node id="-248" action="modify" visible="true" lat="-0.00076163" lon="0.00002007"><tag k="local_x" v="2.23438501" /><tag k="local_y" v="-84.78504944" /><tag k="local_z" v="1.21172309" /></node><node id="-249" action="modify" visible="true" lat="-0.00075681" lon="0.00002914"><tag k="local_x" v="3.24408650" /><tag k="local_y" v="-84.24782562" /><tag k="local_z" v="1.21787524" /></node><node id="-250" action="modify" visible="true" lat="-0.00075331" lon="0.00003921"><tag k="local_x" v="4.36440182" /><tag k="local_y" v="-83.85826874" /><tag k="local_z" v="1.21850443" /></node><node id="-251" action="modify" visible="true" lat="-0.00075144" lon="0.00004803"><tag k="local_x" v="5.34661961" /><tag k="local_y" v="-83.65081787" /><tag k="local_z" v="1.21613872" /></node><node id="-252" action="modify" visible="true" lat="-0.00075160" lon="0.00005661"><tag k="local_x" v="6.30132246" /><tag k="local_y" v="-83.66799164" /><tag k="local_z" v="1.21572840" /></node><node id="-253" action="modify" visible="true" lat="-0.00075357" lon="0.00006423"><tag k="local_x" v="7.14966917" /><tag k="local_y" v="-83.88756561" /><tag k="local_z" v="1.20873368" /></node><node id="-254" action="modify" visible="true" lat="-0.00075765" lon="0.00007283"><tag k="local_x" v="8.10757732" /><tag k="local_y" v="-84.34104156" /><tag k="local_z" v="1.21428490" /></node><node id="-255" action="modify" visible="true" lat="-0.00076217" lon="0.00008160"><tag k="local_x" v="9.08414459" /><tag k="local_y" v="-84.84453583" /><tag k="local_z" v="1.24082649" /></node><node id="-256" action="modify" visible="true" lat="-0.00076707" lon="0.00008994"><tag k="local_x" v="10.01168346" /><tag k="local_y" v="-85.39051819" /><tag k="local_z" v="1.27397299" /></node><node id="-257" action="modify" visible="true" lat="-0.00077258" lon="0.00009767"><tag k="local_x" v="10.87255001" /><tag k="local_y" v="-86.00350189" /><tag k="local_z" v="1.29741085" /></node><node id="-258" action="modify" visible="true" lat="-0.00077870" lon="0.00010461"><tag k="local_x" v="11.64516068" /><tag k="local_y" v="-86.68435669" /><tag k="local_z" v="1.31836164" /></node><node id="-259" action="modify" visible="true" lat="-0.00078616" lon="0.00011070"><tag k="local_x" v="12.32313919" /><tag k="local_y" v="-87.51535797" /><tag k="local_z" v="1.31845510" /></node><node id="-260" action="modify" visible="true" lat="-0.00079444" lon="0.00011675"><tag k="local_x" v="12.99681473" /><tag k="local_y" v="-88.43730164" /><tag k="local_z" v="1.32585299" /></node><node id="-261" action="modify" visible="true" lat="-0.00080217" lon="0.00012205"><tag k="local_x" v="13.58657837" /><tag k="local_y" v="-89.29806519" /><tag k="local_z" v="1.35773408" /></node><node id="-262" action="modify" visible="true" lat="-0.00081030" lon="0.00012745"><tag k="local_x" v="14.18801403" /><tag k="local_y" v="-90.20213318" /><tag k="local_z" v="1.38605893" /></node><node id="-263" action="modify" visible="true" lat="-0.00081859" lon="0.00013281"><tag k="local_x" v="14.78396606" /><tag k="local_y" v="-91.12528992" /><tag k="local_z" v="1.40461564" /></node><node id="-264" action="modify" visible="true" lat="-0.00082634" lon="0.00013892"><tag k="local_x" v="15.46494484" /><tag k="local_y" v="-91.98806000" /><tag k="local_z" v="1.42879140" /></node><node id="-265" action="modify" visible="true" lat="-0.00083080" lon="0.00014529"><tag k="local_x" v="16.17334175" /><tag k="local_y" v="-92.48461914" /><tag k="local_z" v="1.45438993" /></node><node id="-266" action="modify" visible="true" lat="-0.00083385" lon="0.00015248"><tag k="local_x" v="16.97370911" /><tag k="local_y" v="-92.82420349" /><tag k="local_z" v="1.47906935" /></node><node id="-267" action="modify" visible="true" lat="-0.00083508" lon="0.00016007"><tag k="local_x" v="17.81902313" /><tag k="local_y" v="-92.96139526" /><tag k="local_z" v="1.52177346" /></node><node id="-268" action="modify" visible="true" lat="-0.00083472" lon="0.00016928"><tag k="local_x" v="18.84383392" /><tag k="local_y" v="-92.92051697" /><tag k="local_z" v="1.57124960" /></node><node id="-269" action="modify" visible="true" lat="-0.00083220" lon="0.00017781"><tag k="local_x" v="19.79397774" /><tag k="local_y" v="-92.64073944" /><tag k="local_z" v="1.65528500" /></node><node id="-270" action="modify" visible="true" lat="-0.00082789" lon="0.00018614"><tag k="local_x" v="20.72131348" /><tag k="local_y" v="-92.16034698" /><tag k="local_z" v="1.73844504" /></node><node id="-271" action="modify" visible="true" lat="-0.00082250" lon="0.00019243"><tag k="local_x" v="21.42113113" /><tag k="local_y" v="-91.56052399" /><tag k="local_z" v="1.84733212" /></node><node id="-272" action="modify" visible="true" lat="-0.00081770" lon="0.00019630"><tag k="local_x" v="21.85231590" /><tag k="local_y" v="-91.02655029" /><tag k="local_z" v="1.94294119" /></node><node id="-273" action="modify" visible="true" lat="-0.00081140" lon="0.00019860"><tag k="local_x" v="22.10851860" /><tag k="local_y" v="-90.32541656" /><tag k="local_z" v="2.01908183" /></node><node id="-274" action="modify" visible="true" lat="-0.00080524" lon="0.00019926"><tag k="local_x" v="22.18151474" /><tag k="local_y" v="-89.63878632" /><tag k="local_z" v="2.09243631" /></node><node id="-275" action="modify" visible="true" lat="-0.00080108" lon="0.00019878"><tag k="local_x" v="22.12782478" /><tag k="local_y" v="-89.17645264" /><tag k="local_z" v="2.13103652" /></node><node id="-276" action="modify" visible="true" lat="-0.00079569" lon="0.00019707"><tag k="local_x" v="21.93811989" /><tag k="local_y" v="-88.57598877" /><tag k="local_z" v="2.17015266" /></node><node id="-277" action="modify" visible="true" lat="-0.00078659" lon="0.00019231"><tag k="local_x" v="21.40776062" /><tag k="local_y" v="-87.56356812" /><tag k="local_z" v="2.25695205" /></node><node id="-278" action="modify" visible="true" lat="-0.00077742" lon="0.00018670"><tag k="local_x" v="20.78361702" /><tag k="local_y" v="-86.54229736" /><tag k="local_z" v="2.35686159" /></node><node id="-279" action="modify" visible="true" lat="-0.00076979" lon="0.00018002"><tag k="local_x" v="20.04008484" /><tag k="local_y" v="-85.69340515" /><tag k="local_z" v="2.43216586" /></node><node id="-280" action="modify" visible="true" lat="-0.00076294" lon="0.00017243"><tag k="local_x" v="19.19445610" /><tag k="local_y" v="-84.93083191" /><tag k="local_z" v="2.54670835" /></node><node id="-281" action="modify" visible="true" lat="-0.00075937" lon="0.00016943"><tag k="local_x" v="18.86050415" /><tag k="local_y" v="-84.53317261" /><tag k="local_z" v="2.58716226" /></node><node id="-282" action="modify" visible="true" lat="-0.00075698" lon="0.00016742"><tag k="local_x" v="18.63723373" /><tag k="local_y" v="-84.26746368" /><tag k="local_z" v="2.61367989" /></node><node id="-283" action="modify" visible="true" lat="-0.00075453" lon="0.00016713"><tag k="local_x" v="18.60481644" /><tag k="local_y" v="-83.99430847" /><tag k="local_z" v="2.59269071" /></node><node id="-284" action="modify" visible="true" lat="-0.00075092" lon="0.00016772"><tag k="local_x" v="18.67045021" /><tag k="local_y" v="-83.59286499" /><tag k="local_z" v="2.59586906" /></node><node id="-285" action="modify" visible="true" lat="-0.00074806" lon="0.00017098"><tag k="local_x" v="19.03339577" /><tag k="local_y" v="-83.27362823" /><tag k="local_z" v="2.62492323" /></node><node id="-286" action="modify" visible="true" lat="-0.00074266" lon="0.00017901"><tag k="local_x" v="19.92739105" /><tag k="local_y" v="-82.67298889" /><tag k="local_z" v="2.72465038" /></node><node id="-287" action="modify" visible="true" lat="-0.00073579" lon="0.00018539"><tag k="local_x" v="20.63747787" /><tag k="local_y" v="-81.90779114" /><tag k="local_z" v="2.81644464" /></node><node id="-288" action="modify" visible="true" lat="-0.00072851" lon="0.00019149"><tag k="local_x" v="21.31713104" /><tag k="local_y" v="-81.09817505" /><tag k="local_z" v="2.88962030" /></node><node id="-289" action="modify" visible="true" lat="-0.00072130" lon="0.00019774"><tag k="local_x" v="22.01282310" /><tag k="local_y" v="-80.29512787" /><tag k="local_z" v="2.93567181" /></node><node id="-290" action="modify" visible="true" lat="-0.00071397" lon="0.00020444"><tag k="local_x" v="22.75830460" /><tag k="local_y" v="-79.47887421" /><tag k="local_z" v="2.99795365" /></node><node id="-291" action="modify" visible="true" lat="-0.00070726" lon="0.00021062"><tag k="local_x" v="23.44654846" /><tag k="local_y" v="-78.73163605" /><tag k="local_z" v="3.03431368" /></node><node id="-292" action="modify" visible="true" lat="-0.00069928" lon="0.00021807"><tag k="local_x" v="24.27534294" /><tag k="local_y" v="-77.84414673" /><tag k="local_z" v="3.12274337" /></node><node id="-293" action="modify" visible="true" lat="-0.00069140" lon="0.00022567"><tag k="local_x" v="25.12201500" /><tag k="local_y" v="-76.96686554" /><tag k="local_z" v="3.17616653" /></node><node id="-294" action="modify" visible="true" lat="-0.00068366" lon="0.00023332"><tag k="local_x" v="25.97304726" /><tag k="local_y" v="-76.10517883" /><tag k="local_z" v="3.23027706" /></node><node id="-295" action="modify" visible="true" lat="-0.00067633" lon="0.00024080"><tag k="local_x" v="26.80579948" /><tag k="local_y" v="-75.28927612" /><tag k="local_z" v="3.28784156" /></node><node id="-296" action="modify" visible="true" lat="-0.00066920" lon="0.00024821"><tag k="local_x" v="27.63088989" /><tag k="local_y" v="-74.49485016" /><tag k="local_z" v="3.35852742" /></node><node id="-297" action="modify" visible="true" lat="-0.00066283" lon="0.00025511"><tag k="local_x" v="28.39879799" /><tag k="local_y" v="-73.78673553" /><tag k="local_z" v="3.40036273" /></node><node id="-298" action="modify" visible="true" lat="-0.00065642" lon="0.00026198"><tag k="local_x" v="29.16346359" /><tag k="local_y" v="-73.07221985" /><tag k="local_z" v="3.47867489" /></node><node id="-299" action="modify" visible="true" lat="-0.00064861" lon="0.00026844"><tag k="local_x" v="29.88230324" /><tag k="local_y" v="-72.20336151" /><tag k="local_z" v="3.53342247" /></node><node id="-300" action="modify" visible="true" lat="-0.00064027" lon="0.00027528"><tag k="local_x" v="30.64456749" /><tag k="local_y" v="-71.27535248" /><tag k="local_z" v="3.61313558" /></node><node id="-301" action="modify" visible="true" lat="-0.00063398" lon="0.00028185"><tag k="local_x" v="31.37518501" /><tag k="local_y" v="-70.57443237" /><tag k="local_z" v="3.68167162" /></node><node id="-302" action="modify" visible="true" lat="-0.00062797" lon="0.00028944"><tag k="local_x" v="32.22074509" /><tag k="local_y" v="-69.90507507" /><tag k="local_z" v="3.73478079" /></node><node id="-303" action="modify" visible="true" lat="-0.00062138" lon="0.00029789"><tag k="local_x" v="33.16122055" /><tag k="local_y" v="-69.17176819" /><tag k="local_z" v="3.83384180" /></node><node id="-304" action="modify" visible="true" lat="-0.00061496" lon="0.00030488"><tag k="local_x" v="33.93945694" /><tag k="local_y" v="-68.45682526" /><tag k="local_z" v="3.84808230" /></node><node id="-305" action="modify" visible="true" lat="-0.00060799" lon="0.00031330"><tag k="local_x" v="34.87621307" /><tag k="local_y" v="-67.68104553" /><tag k="local_z" v="3.90048003" /></node><node id="-306" action="modify" visible="true" lat="-0.00060149" lon="0.00032230"><tag k="local_x" v="35.87872314" /><tag k="local_y" v="-66.95806122" /><tag k="local_z" v="3.95790195" /></node><node id="-307" action="modify" visible="true" lat="-0.00059536" lon="0.00033125"><tag k="local_x" v="36.87490082" /><tag k="local_y" v="-66.27550507" /><tag k="local_z" v="4.03209448" /></node><node id="-308" action="modify" visible="true" lat="-0.00058956" lon="0.00033982"><tag k="local_x" v="37.82889557" /><tag k="local_y" v="-65.63004303" /><tag k="local_z" v="4.09819937" /></node><node id="-309" action="modify" visible="true" lat="-0.00058375" lon="0.00034915"><tag k="local_x" v="38.86761856" /><tag k="local_y" v="-64.98342896" /><tag k="local_z" v="4.14830256" /></node><node id="-310" action="modify" visible="true" lat="-0.00057815" lon="0.00035835"><tag k="local_x" v="39.89185715" /><tag k="local_y" v="-64.35953522" /><tag k="local_z" v="4.16684484" /></node><node id="-311" action="modify" visible="true" lat="-0.00057268" lon="0.00036742"><tag k="local_x" v="40.90167236" /><tag k="local_y" v="-63.75122833" /><tag k="local_z" v="4.21748781" /></node><node id="-312" action="modify" visible="true" lat="-0.00056773" lon="0.00037621"><tag k="local_x" v="41.87964249" /><tag k="local_y" v="-63.19951248" /><tag k="local_z" v="4.23782444" /></node><node id="-313" action="modify" visible="true" lat="-0.00056246" lon="0.00038468"><tag k="local_x" v="42.82253265" /><tag k="local_y" v="-62.61314011" /><tag k="local_z" v="4.27053022" /></node><node id="-314" action="modify" visible="true" lat="-0.00055688" lon="0.00039297"><tag k="local_x" v="43.74529266" /><tag k="local_y" v="-61.99228668" /><tag k="local_z" v="4.29244137" /></node><node id="-315" action="modify" visible="true" lat="-0.00055141" lon="0.00040147"><tag k="local_x" v="44.69165039" /><tag k="local_y" v="-61.38344955" /><tag k="local_z" v="4.32380295" /></node><node id="-316" action="modify" visible="true" lat="-0.00054570" lon="0.00041013"><tag k="local_x" v="45.65616989" /><tag k="local_y" v="-60.74705505" /><tag k="local_z" v="4.33729362" /></node><node id="-317" action="modify" visible="true" lat="-0.00053947" lon="0.00041881"><tag k="local_x" v="46.62215424" /><tag k="local_y" v="-60.05392838" /><tag k="local_z" v="4.36387968" /></node><node id="-318" action="modify" visible="true" lat="-0.00053307" lon="0.00042705"><tag k="local_x" v="47.53898621" /><tag k="local_y" v="-59.34083939" /><tag k="local_z" v="4.40925598" /></node><node id="-319" action="modify" visible="true" lat="-0.00052585" lon="0.00043525"><tag k="local_x" v="48.45159149" /><tag k="local_y" v="-58.53744888" /><tag k="local_z" v="4.42473221" /></node><node id="-320" action="modify" visible="true" lat="-0.00051872" lon="0.00044351"><tag k="local_x" v="49.37183762" /><tag k="local_y" v="-57.74403000" /><tag k="local_z" v="4.44727802" /></node><node id="-321" action="modify" visible="true" lat="-0.00051181" lon="0.00045178"><tag k="local_x" v="50.29212952" /><tag k="local_y" v="-56.97476578" /><tag k="local_z" v="4.46562099" /></node><node id="-322" action="modify" visible="true" lat="-0.00050536" lon="0.00046036"><tag k="local_x" v="51.24711227" /><tag k="local_y" v="-56.25626373" /><tag k="local_z" v="4.49132299" /></node><node id="-323" action="modify" visible="true" lat="-0.00049985" lon="0.00046989"><tag k="local_x" v="52.30861282" /><tag k="local_y" v="-55.64312363" /><tag k="local_z" v="4.49895000" /></node><node id="-324" action="modify" visible="true" lat="-0.00049404" lon="0.00047924"><tag k="local_x" v="53.34936905" /><tag k="local_y" v="-54.99604416" /><tag k="local_z" v="4.51690245" /></node><node id="-325" action="modify" visible="true" lat="-0.00048812" lon="0.00048849"><tag k="local_x" v="54.37895966" /><tag k="local_y" v="-54.33768082" /><tag k="local_z" v="4.52595139" /></node><node id="-326" action="modify" visible="true" lat="-0.00048255" lon="0.00049729"><tag k="local_x" v="55.35855865" /><tag k="local_y" v="-53.71797562" /><tag k="local_z" v="4.55079937" /></node><node id="-327" action="modify" visible="true" lat="-0.00047699" lon="0.00050617"><tag k="local_x" v="56.34690094" /><tag k="local_y" v="-53.09892273" /><tag k="local_z" v="4.56128740" /></node><node id="-328" action="modify" visible="true" lat="-0.00047179" lon="0.00051510"><tag k="local_x" v="57.34075546" /><tag k="local_y" v="-52.52002335" /><tag k="local_z" v="4.58697891" /></node><node id="-329" action="modify" visible="true" lat="-0.00046638" lon="0.00052430"><tag k="local_x" v="58.36496353" /><tag k="local_y" v="-51.91706467" /><tag k="local_z" v="4.62342548" /></node><node id="-330" action="modify" visible="true" lat="-0.00045968" lon="0.00053240"><tag k="local_x" v="59.26710510" /><tag k="local_y" v="-51.17173767" /><tag k="local_z" v="4.62291718" /></node><node id="-331" action="modify" visible="true" lat="-0.00045384" lon="0.00054155"><tag k="local_x" v="60.28579330" /><tag k="local_y" v="-50.52093506" /><tag k="local_z" v="4.65333748" /></node><node id="-332" action="modify" visible="true" lat="-0.00044862" lon="0.00055101"><tag k="local_x" v="61.33869171" /><tag k="local_y" v="-49.93997574" /><tag k="local_z" v="4.69353771" /></node><node id="-333" action="modify" visible="true" lat="-0.00044307" lon="0.00055966"><tag k="local_x" v="62.30179214" /><tag k="local_y" v="-49.32309723" /><tag k="local_z" v="4.69837904" /></node><node id="-334" action="modify" visible="true" lat="-0.00043685" lon="0.00056856"><tag k="local_x" v="63.29155731" /><tag k="local_y" v="-48.63045120" /><tag k="local_z" v="4.72708225" /></node><node id="-335" action="modify" visible="true" lat="-0.00043115" lon="0.00057797"><tag k="local_x" v="64.33924866" /><tag k="local_y" v="-47.99533081" /><tag k="local_z" v="4.76451635" /></node><node id="-336" action="modify" visible="true" lat="-0.00042560" lon="0.00058749"><tag k="local_x" v="65.39911652" /><tag k="local_y" v="-47.37779236" /><tag k="local_z" v="4.78680420" /></node><node id="-337" action="modify" visible="true" lat="-0.00041954" lon="0.00059662"><tag k="local_x" v="66.41533661" /><tag k="local_y" v="-46.70291519" /><tag k="local_z" v="4.80833912" /></node><node id="-338" action="modify" visible="true" lat="-0.00041341" lon="0.00060544"><tag k="local_x" v="67.39752197" /><tag k="local_y" v="-46.02054596" /><tag k="local_z" v="4.82835770" /></node><node id="-339" action="modify" visible="true" lat="-0.00040778" lon="0.00061382"><tag k="local_x" v="68.33000946" /><tag k="local_y" v="-45.39379501" /><tag k="local_z" v="4.84043455" /></node><node id="-340" action="modify" visible="true" lat="-0.00040263" lon="0.00062166"><tag k="local_x" v="69.20302582" /><tag k="local_y" v="-44.82038116" /><tag k="local_z" v="4.88979578" /></node><node id="-341" action="modify" visible="true" lat="-0.00039762" lon="0.00062944"><tag k="local_x" v="70.06873322" /><tag k="local_y" v="-44.26253510" /><tag k="local_z" v="4.91969776" /></node><node id="-342" action="modify" visible="true" lat="-0.00039248" lon="0.00063783"><tag k="local_x" v="71.00306702" /><tag k="local_y" v="-43.69130707" /><tag k="local_z" v="4.94173956" /></node><node id="-343" action="modify" visible="true" lat="-0.00038755" lon="0.00064609"><tag k="local_x" v="71.92292786" /><tag k="local_y" v="-43.14180374" /><tag k="local_z" v="4.97804689" /></node><node id="-344" action="modify" visible="true" lat="-0.00038281" lon="0.00065434"><tag k="local_x" v="72.84109497" /><tag k="local_y" v="-42.61434937" /><tag k="local_z" v="5.01547337" /></node><node id="-345" action="modify" visible="true" lat="-0.00037808" lon="0.00066232"><tag k="local_x" v="73.72898102" /><tag k="local_y" v="-42.08798218" /><tag k="local_z" v="5.03544617" /></node><node id="-346" action="modify" visible="true" lat="-0.00037313" lon="0.00067030"><tag k="local_x" v="74.61785126" /><tag k="local_y" v="-41.53628159" /><tag k="local_z" v="5.08893490" /></node><node id="-347" action="modify" visible="true" lat="-0.00036743" lon="0.00067878"><tag k="local_x" v="75.56233978" /><tag k="local_y" v="-40.90269852" /><tag k="local_z" v="5.11214113" /></node><node id="-348" action="modify" visible="true" lat="-0.00036187" lon="0.00068601"><tag k="local_x" v="76.36654663" /><tag k="local_y" v="-40.28362274" /><tag k="local_z" v="5.11960363" /></node><node id="-349" action="modify" visible="true" lat="-0.00035610" lon="0.00069291"><tag k="local_x" v="77.13479614" /><tag k="local_y" v="-39.64135742" /><tag k="local_z" v="5.16779947" /></node><node id="-350" action="modify" visible="true" lat="-0.00034908" lon="0.00070114"><tag k="local_x" v="78.05098724" /><tag k="local_y" v="-38.86006165" /><tag k="local_z" v="5.21576357" /></node><node id="-351" action="modify" visible="true" lat="-0.00034261" lon="0.00070860"><tag k="local_x" v="78.88087463" /><tag k="local_y" v="-38.13953781" /><tag k="local_z" v="5.24088383" /></node><node id="-352" action="modify" visible="true" lat="-0.00033590" lon="0.00071681"><tag k="local_x" v="79.79521179" /><tag k="local_y" v="-37.39192963" /><tag k="local_z" v="5.23115873" /></node><node id="-353" action="modify" visible="true" lat="-0.00032905" lon="0.00072524"><tag k="local_x" v="80.73380280" /><tag k="local_y" v="-36.63026810" /><tag k="local_z" v="5.21264315" /></node><node id="-354" action="modify" visible="true" lat="-0.00032230" lon="0.00073399"><tag k="local_x" v="81.70753479" /><tag k="local_y" v="-35.87875748" /><tag k="local_z" v="5.21117210" /></node><node id="-355" action="modify" visible="true" lat="-0.00031611" lon="0.00074289"><tag k="local_x" v="82.69857025" /><tag k="local_y" v="-35.18902588" /><tag k="local_z" v="5.20821428" /></node><node id="-356" action="modify" visible="true" lat="-0.00031148" lon="0.00075059"><tag k="local_x" v="83.55567932" /><tag k="local_y" v="-34.67340088" /><tag k="local_z" v="5.18238592" /></node><node id="-357" action="modify" visible="true" lat="-0.00030601" lon="0.00076020"><tag k="local_x" v="84.62516022" /><tag k="local_y" v="-34.06551361" /><tag k="local_z" v="5.17600489" /></node><node id="-358" action="modify" visible="true" lat="-0.00030096" lon="0.00076897"><tag k="local_x" v="85.60218811" /><tag k="local_y" v="-33.50284958" /><tag k="local_z" v="5.18042707" /></node><node id="-359" action="modify" visible="true" lat="-0.00029573" lon="0.00077872"><tag k="local_x" v="86.68710327" /><tag k="local_y" v="-32.92097473" /><tag k="local_z" v="5.13839626" /></node><node id="-360" action="modify" visible="true" lat="-0.00029079" lon="0.00078792"><tag k="local_x" v="87.71106720" /><tag k="local_y" v="-32.37046814" /><tag k="local_z" v="5.11791849" /></node><node id="-361" action="modify" visible="true" lat="-0.00028609" lon="0.00079719"><tag k="local_x" v="88.74295807" /><tag k="local_y" v="-31.84715271" /><tag k="local_z" v="5.09316397" /></node><node id="-362" action="modify" visible="true" lat="-0.00028125" lon="0.00080670"><tag k="local_x" v="89.80181885" /><tag k="local_y" v="-31.30912590" /><tag k="local_z" v="5.07078314" /></node><node id="-363" action="modify" visible="true" lat="-0.00027572" lon="0.00081628"><tag k="local_x" v="90.86817169" /><tag k="local_y" v="-30.69366455" /><tag k="local_z" v="5.06948280" /></node><node id="-364" action="modify" visible="true" lat="-0.00027023" lon="0.00082261"><tag k="local_x" v="91.57325745" /><tag k="local_y" v="-30.08169556" /><tag k="local_z" v="5.03105068" /></node><node id="-365" action="modify" visible="true" lat="-0.00026611" lon="0.00082604"><tag k="local_x" v="91.95513153" /><tag k="local_y" v="-29.62339973" /><tag k="local_z" v="5.01904583" /></node><node id="-366" action="modify" visible="true" lat="-0.00026101" lon="0.00082820"><tag k="local_x" v="92.19473267" /><tag k="local_y" v="-29.05520821" /><tag k="local_z" v="4.99961758" /></node><node id="-367" action="modify" visible="true" lat="-0.00025540" lon="0.00082939"><tag k="local_x" v="92.32769012" /><tag k="local_y" v="-28.43116188" /><tag k="local_z" v="5.02564383" /></node><node id="-368" action="modify" visible="true" lat="-0.00025049" lon="0.00082941"><tag k="local_x" v="92.32964325" /><tag k="local_y" v="-27.88485336" /><tag k="local_z" v="5.02292633" /></node><node id="-369" action="modify" visible="true" lat="-0.00024625" lon="0.00082827"><tag k="local_x" v="92.20311737" /><tag k="local_y" v="-27.41245842" /><tag k="local_z" v="5.04712391" /></node><node id="-370" action="modify" visible="true" lat="-0.00024063" lon="0.00082540"><tag k="local_x" v="91.88375854" /><tag k="local_y" v="-26.78645897" /><tag k="local_z" v="5.02617073" /></node><node id="-371" action="modify" visible="true" lat="-0.00023718" lon="0.00082236"><tag k="local_x" v="91.54484558" /><tag k="local_y" v="-26.40298080" /><tag k="local_z" v="5.02225208" /></node><node id="-372" action="modify" visible="true" lat="-0.00023514" lon="0.00081970"><tag k="local_x" v="91.24871063" /><tag k="local_y" v="-26.17595100" /><tag k="local_z" v="4.98648691" /></node><node id="-373" action="modify" visible="true" lat="-0.00023426" lon="0.00081705"><tag k="local_x" v="90.95429230" /><tag k="local_y" v="-26.07830620" /><tag k="local_z" v="4.96108103" /></node><node id="-374" action="modify" visible="true" lat="-0.00023290" lon="0.00081054"><tag k="local_x" v="90.22880554" /><tag k="local_y" v="-25.92649460" /><tag k="local_z" v="4.92539167" /></node><node id="-375" action="modify" visible="true" lat="-0.00023358" lon="0.00080622"><tag k="local_x" v="89.74878693" /><tag k="local_y" v="-26.00173378" /><tag k="local_z" v="4.88839245" /></node><node id="-376" action="modify" visible="true" lat="-0.00023631" lon="0.00079685"><tag k="local_x" v="88.70583344" /><tag k="local_y" v="-26.30600357" /><tag k="local_z" v="4.78280449" /></node><node id="-377" action="modify" visible="true" lat="-0.00023934" lon="0.00078776"><tag k="local_x" v="87.69296265" /><tag k="local_y" v="-26.64286232" /><tag k="local_z" v="4.72030735" /></node><node id="-378" action="modify" visible="true" lat="-0.00024160" lon="0.00077816"><tag k="local_x" v="86.62467194" /><tag k="local_y" v="-26.89459419" /><tag k="local_z" v="4.64432049" /></node><node id="-379" action="modify" visible="true" lat="-0.00024338" lon="0.00076904"><tag k="local_x" v="85.60936737" /><tag k="local_y" v="-27.09257126" /><tag k="local_z" v="4.56160688" /></node><node id="-380" action="modify" visible="true" lat="-0.00024457" lon="0.00075999"><tag k="local_x" v="84.60224915" /><tag k="local_y" v="-27.22581863" /><tag k="local_z" v="4.48462057" /></node><node id="-381" action="modify" visible="true" lat="-0.00024763" lon="0.00074931"><tag k="local_x" v="83.41327667" /><tag k="local_y" v="-27.56622696" /><tag k="local_z" v="4.37660265" /></node><node id="-382" action="modify" visible="true" lat="-0.00025080" lon="0.00073851"><tag k="local_x" v="82.21067047" /><tag k="local_y" v="-27.91880608" /><tag k="local_z" v="4.26118231" /></node><node id="-383" action="modify" visible="true" lat="-0.00025331" lon="0.00072935"><tag k="local_x" v="81.19100952" /><tag k="local_y" v="-28.19884491" /><tag k="local_z" v="4.16905832" /></node><node id="-384" action="modify" visible="true" lat="-0.00025592" lon="0.00072040"><tag k="local_x" v="80.19441223" /><tag k="local_y" v="-28.48947334" /><tag k="local_z" v="4.07620096" /></node><node id="-385" action="modify" visible="true" lat="-0.00025763" lon="0.00071042"><tag k="local_x" v="79.08385468" /><tag k="local_y" v="-28.67924309" /><tag k="local_z" v="3.97486997" /></node><node id="-386" action="modify" visible="true" lat="-0.00025793" lon="0.00070044"><tag k="local_x" v="77.97316742" /><tag k="local_y" v="-28.71242714" /><tag k="local_z" v="3.84734893" /></node><node id="-387" action="modify" visible="true" lat="-0.00025703" lon="0.00069002"><tag k="local_x" v="76.81305695" /><tag k="local_y" v="-28.61215591" /><tag k="local_z" v="3.75599813" /></node><node id="-388" action="modify" visible="true" lat="-0.00025530" lon="0.00068114"><tag k="local_x" v="75.82500458" /><tag k="local_y" v="-28.42002487" /><tag k="local_z" v="3.68875647" /></node><node id="-389" action="modify" visible="true" lat="-0.00025330" lon="0.00067232"><tag k="local_x" v="74.84248352" /><tag k="local_y" v="-28.19760704" /><tag k="local_z" v="3.63036990" /></node><node id="-390" action="modify" visible="true" lat="-0.00025076" lon="0.00066277"><tag k="local_x" v="73.77992249" /><tag k="local_y" v="-27.91500092" /><tag k="local_z" v="3.57477593" /></node><node id="-391" action="modify" visible="true" lat="-0.00024792" lon="0.00065299"><tag k="local_x" v="72.69033051" /><tag k="local_y" v="-27.59897041" /><tag k="local_z" v="3.51531076" /></node><node id="-392" action="modify" visible="true" lat="-0.00024704" lon="0.00064405"><tag k="local_x" v="71.69519043" /><tag k="local_y" v="-27.50042534" /><tag k="local_z" v="3.48836279" /></node><node id="-393" action="modify" visible="true" lat="-0.00024706" lon="0.00063502"><tag k="local_x" v="70.69079590" /><tag k="local_y" v="-27.50321770" /><tag k="local_z" v="3.44234228" /></node><node id="-394" action="modify" visible="true" lat="-0.00024694" lon="0.00062552"><tag k="local_x" v="69.63314819" /><tag k="local_y" v="-27.48954010" /><tag k="local_z" v="3.41541958" /></node><node id="-395" action="modify" visible="true" lat="-0.00024667" lon="0.00061618"><tag k="local_x" v="68.59343719" /><tag k="local_y" v="-27.45906830" /><tag k="local_z" v="3.38324165" /></node><node id="-396" action="modify" visible="true" lat="-0.00024740" lon="0.00060531"><tag k="local_x" v="67.38347626" /><tag k="local_y" v="-27.54060745" /><tag k="local_z" v="3.39555645" /></node><node id="-397" action="modify" visible="true" lat="-0.00024993" lon="0.00059577"><tag k="local_x" v="66.32166290" /><tag k="local_y" v="-27.82276344" /><tag k="local_z" v="3.50979066" /></node><node id="-398" action="modify" visible="true" lat="-0.00025228" lon="0.00058530"><tag k="local_x" v="65.15591431" /><tag k="local_y" v="-28.08369446" /><tag k="local_z" v="3.58031225" /></node><node id="-399" action="modify" visible="true" lat="-0.00025493" lon="0.00057559"><tag k="local_x" v="64.07450867" /><tag k="local_y" v="-28.37863922" /><tag k="local_z" v="3.57002306" /></node><node id="-400" action="modify" visible="true" lat="-0.00025754" lon="0.00056665"><tag k="local_x" v="63.07991028" /><tag k="local_y" v="-28.66914749" /><tag k="local_z" v="3.56567287" /></node><node id="-401" action="modify" visible="true" lat="-0.00026057" lon="0.00055683"><tag k="local_x" v="61.98584747" /><tag k="local_y" v="-29.00688171" /><tag k="local_z" v="3.54894638" /></node><node id="-402" action="modify" visible="true" lat="-0.00026339" lon="0.00054823"><tag k="local_x" v="61.02939987" /><tag k="local_y" v="-29.32083321" /><tag k="local_z" v="3.52967691" /></node><node id="-403" action="modify" visible="true" lat="-0.00026640" lon="0.00053950"><tag k="local_x" v="60.05670547" /><tag k="local_y" v="-29.65580940" /><tag k="local_z" v="3.52580786" /></node><node id="-404" action="modify" visible="true" lat="-0.00026988" lon="0.00052934"><tag k="local_x" v="58.92581940" /><tag k="local_y" v="-30.04340935" /><tag k="local_z" v="3.50869703" /></node><node id="-405" action="modify" visible="true" lat="-0.00027241" lon="0.00051989"><tag k="local_x" v="57.87384033" /><tag k="local_y" v="-30.32515144" /><tag k="local_z" v="3.50226855" /></node><node id="-406" action="modify" visible="true" lat="-0.00027472" lon="0.00051018"><tag k="local_x" v="56.79297638" /><tag k="local_y" v="-30.58233833" /><tag k="local_z" v="3.48818493" /></node><node id="-407" action="modify" visible="true" lat="-0.00027680" lon="0.00050033"><tag k="local_x" v="55.69681549" /><tag k="local_y" v="-30.81318092" /><tag k="local_z" v="3.46681762" /></node><node id="-408" action="modify" visible="true" lat="-0.00027888" lon="0.00049020"><tag k="local_x" v="54.56937027" /><tag k="local_y" v="-31.04544067" /><tag k="local_z" v="3.46345949" /></node><node id="-409" action="modify" visible="true" lat="-0.00028101" lon="0.00048085"><tag k="local_x" v="53.52853012" /><tag k="local_y" v="-31.28215027" /><tag k="local_z" v="3.47350526" /></node><node id="-410" action="modify" visible="true" lat="-0.00028329" lon="0.00047204"><tag k="local_x" v="52.54716492" /><tag k="local_y" v="-31.53583527" /><tag k="local_z" v="3.46487641" /></node><node id="-411" action="modify" visible="true" lat="-0.00028573" lon="0.00046294"><tag k="local_x" v="51.53487778" /><tag k="local_y" v="-31.80715179" /><tag k="local_z" v="3.45576429" /></node><node id="-412" action="modify" visible="true" lat="-0.00028853" lon="0.00045258"><tag k="local_x" v="50.38161469" /><tag k="local_y" v="-32.11884308" /><tag k="local_z" v="3.45044589" /></node><node id="-413" action="modify" visible="true" lat="-0.00029082" lon="0.00044366"><tag k="local_x" v="49.38824463" /><tag k="local_y" v="-32.37375259" /><tag k="local_z" v="3.45154548" /></node><node id="-414" action="modify" visible="true" lat="-0.00029353" lon="0.00043270"><tag k="local_x" v="48.16864777" /><tag k="local_y" v="-32.67585754" /><tag k="local_z" v="3.43819618" /></node><node id="-415" action="modify" visible="true" lat="-0.00029589" lon="0.00042216"><tag k="local_x" v="46.99463272" /><tag k="local_y" v="-32.93891144" /><tag k="local_z" v="3.43090439" /></node><node id="-416" action="modify" visible="true" lat="-0.00029865" lon="0.00041132"><tag k="local_x" v="45.78824615" /><tag k="local_y" v="-33.24612427" /><tag k="local_z" v="3.43299747" /></node><node id="-417" action="modify" visible="true" lat="-0.00030113" lon="0.00040199"><tag k="local_x" v="44.74956131" /><tag k="local_y" v="-33.52127075" /><tag k="local_z" v="3.41316533" /></node><node id="-418" action="modify" visible="true" lat="-0.00030355" lon="0.00039254"><tag k="local_x" v="43.69731522" /><tag k="local_y" v="-33.79145432" /><tag k="local_z" v="3.40005779" /></node><node id="-419" action="modify" visible="true" lat="-0.00030564" lon="0.00038198"><tag k="local_x" v="42.52166748" /><tag k="local_y" v="-34.02373505" /><tag k="local_z" v="3.39337730" /></node><node id="-420" action="modify" visible="true" lat="-0.00030738" lon="0.00037183"><tag k="local_x" v="41.39212799" /><tag k="local_y" v="-34.21764755" /><tag k="local_z" v="3.38570404" /></node><node id="-421" action="modify" visible="true" lat="-0.00030931" lon="0.00036182"><tag k="local_x" v="40.27780914" /><tag k="local_y" v="-34.43242645" /><tag k="local_z" v="3.37278199" /></node><node id="-422" action="modify" visible="true" lat="-0.00031140" lon="0.00035154"><tag k="local_x" v="39.13381577" /><tag k="local_y" v="-34.66531372" /><tag k="local_z" v="3.36548114" /></node><node id="-423" action="modify" visible="true" lat="-0.00031312" lon="0.00034220"><tag k="local_x" v="38.09357834" /><tag k="local_y" v="-34.85700989" /><tag k="local_z" v="3.35830164" /></node><node id="-424" action="modify" visible="true" lat="-0.00031484" lon="0.00033223"><tag k="local_x" v="36.98373795" /><tag k="local_y" v="-35.04774094" /><tag k="local_z" v="3.34966898" /></node><node id="-425" action="modify" visible="true" lat="-0.00031644" lon="0.00032217"><tag k="local_x" v="35.86370850" /><tag k="local_y" v="-35.22568512" /><tag k="local_z" v="3.32393050" /></node><node id="-426" action="modify" visible="true" lat="-0.00031773" lon="0.00031196"><tag k="local_x" v="34.72781754" /><tag k="local_y" v="-35.37011337" /><tag k="local_z" v="3.31463814" /></node><node id="-427" action="modify" visible="true" lat="-0.00031875" lon="0.00030297"><tag k="local_x" v="33.72645187" /><tag k="local_y" v="-35.48282623" /><tag k="local_z" v="3.29627943" /></node><node id="-428" action="modify" visible="true" lat="-0.00031968" lon="0.00029191"><tag k="local_x" v="32.49581146" /><tag k="local_y" v="-35.58716965" /><tag k="local_z" v="3.26810265" /></node><node id="-429" action="modify" visible="true" lat="-0.00032108" lon="0.00028217"><tag k="local_x" v="31.41096306" /><tag k="local_y" v="-35.74229813" /><tag k="local_z" v="3.26546550" /></node><node id="-430" action="modify" visible="true" lat="-0.00032262" lon="0.00027175"><tag k="local_x" v="30.25115585" /><tag k="local_y" v="-35.91369247" /><tag k="local_z" v="3.22695494" /></node><node id="-431" action="modify" visible="true" lat="-0.00032388" lon="0.00026258"><tag k="local_x" v="29.22993279" /><tag k="local_y" v="-36.05433273" /><tag k="local_z" v="3.20808363" /></node><node id="-432" action="modify" visible="true" lat="-0.00032509" lon="0.00025324"><tag k="local_x" v="28.19101906" /><tag k="local_y" v="-36.18903351" /><tag k="local_z" v="3.20657802" /></node><node id="-433" action="modify" visible="true" lat="-0.00032629" lon="0.00024244"><tag k="local_x" v="26.98868370" /><tag k="local_y" v="-36.32254410" /><tag k="local_z" v="3.19742036" /></node><node id="-434" action="modify" visible="true" lat="-0.00032656" lon="0.00023287"><tag k="local_x" v="25.92340088" /><tag k="local_y" v="-36.35274887" /><tag k="local_z" v="3.16292858" /></node><node id="-435" action="modify" visible="true" lat="-0.00032627" lon="0.00022185"><tag k="local_x" v="24.69673538" /><tag k="local_y" v="-36.32049561" /><tag k="local_z" v="3.12890291" /></node><node id="-436" action="modify" visible="true" lat="-0.00032603" lon="0.00021093"><tag k="local_x" v="23.48047066" /><tag k="local_y" v="-36.29378891" /><tag k="local_z" v="3.11691880" /></node><node id="-437" action="modify" visible="true" lat="-0.00032572" lon="0.00020132"><tag k="local_x" v="22.41072273" /><tag k="local_y" v="-36.25946808" /><tag k="local_z" v="3.10305667" /></node><node id="-438" action="modify" visible="true" lat="-0.00032530" lon="0.00019064"><tag k="local_x" v="21.22245026" /><tag k="local_y" v="-36.21218491" /><tag k="local_z" v="3.06419897" /></node><node id="-439" action="modify" visible="true" lat="-0.00032479" lon="0.00018106"><tag k="local_x" v="20.15530014" /><tag k="local_y" v="-36.15607071" /><tag k="local_z" v="3.03503776" /></node><node id="-440" action="modify" visible="true" lat="-0.00032397" lon="0.00017061"><tag k="local_x" v="18.99211884" /><tag k="local_y" v="-36.06448364" /><tag k="local_z" v="3.03463268" /></node><node id="-441" action="modify" visible="true" lat="-0.00032274" lon="0.00015969"><tag k="local_x" v="17.77645493" /><tag k="local_y" v="-35.92779160" /><tag k="local_z" v="3.00402188" /></node><node id="-442" action="modify" visible="true" lat="-0.00032119" lon="0.00014932"><tag k="local_x" v="16.62246895" /><tag k="local_y" v="-35.75530624" /><tag k="local_z" v="2.97617579" /></node><node id="-443" action="modify" visible="true" lat="-0.00031941" lon="0.00013861"><tag k="local_x" v="15.43062019" /><tag k="local_y" v="-35.55624390" /><tag k="local_z" v="2.95035863" /></node><node id="-444" action="modify" visible="true" lat="-0.00031724" lon="0.00012784"><tag k="local_x" v="14.23111629" /><tag k="local_y" v="-35.31517410" /><tag k="local_z" v="2.94030523" /></node><node id="-445" action="modify" visible="true" lat="-0.00031531" lon="0.00011886"><tag k="local_x" v="13.23129177" /><tag k="local_y" v="-35.10029984" /><tag k="local_z" v="2.89637804" /></node><node id="-446" action="modify" visible="true" lat="-0.00031332" lon="0.00010835"><tag k="local_x" v="12.06161880" /><tag k="local_y" v="-34.87911987" /><tag k="local_z" v="2.88487387" /></node><node id="-447" action="modify" visible="true" lat="-0.00031136" lon="0.00009817"><tag k="local_x" v="10.92829609" /><tag k="local_y" v="-34.66075134" /><tag k="local_z" v="2.89186049" /></node><node id="-448" action="modify" visible="true" lat="-0.00030957" lon="0.00008887"><tag k="local_x" v="9.89329720" /><tag k="local_y" v="-34.46173477" /><tag k="local_z" v="2.86538696" /></node><node id="-449" action="modify" visible="true" lat="-0.00030758" lon="0.00007957"><tag k="local_x" v="8.85723305" /><tag k="local_y" v="-34.24009705" /><tag k="local_z" v="2.85521984" /></node><node id="-450" action="modify" visible="true" lat="-0.00030540" lon="0.00006971"><tag k="local_x" v="7.76026011" /><tag k="local_y" v="-33.99714661" /><tag k="local_z" v="2.83361077" /></node><node id="-451" action="modify" visible="true" lat="-0.00030287" lon="0.00005930"><tag k="local_x" v="6.60075760" /><tag k="local_y" v="-33.71550369" /><tag k="local_z" v="2.82037544" /></node><node id="-452" action="modify" visible="true" lat="-0.00030015" lon="0.00004873"><tag k="local_x" v="5.42426109" /><tag k="local_y" v="-33.41304016" /><tag k="local_z" v="2.78193974" /></node><node id="-453" action="modify" visible="true" lat="-0.00029704" lon="0.00003719"><tag k="local_x" v="4.13983202" /><tag k="local_y" v="-33.06648254" /><tag k="local_z" v="2.74823046" /></node><node id="-454" action="modify" visible="true" lat="-0.00029406" lon="0.00002646"><tag k="local_x" v="2.94535089" /><tag k="local_y" v="-32.73458862" /><tag k="local_z" v="2.72918057" /></node><node id="-455" action="modify" visible="true" lat="-0.00029076" lon="0.00001549"><tag k="local_x" v="1.72474182" /><tag k="local_y" v="-32.36754227" /><tag k="local_z" v="2.71814823" /></node><node id="-456" action="modify" visible="true" lat="-0.00028731" lon="0.00000489"><tag k="local_x" v="0.54411107" /><tag k="local_y" v="-31.98301315" /><tag k="local_z" v="2.69658804" /></node><node id="-457" action="modify" visible="true" lat="-0.00028315" lon="-0.00000587"><tag k="local_x" v="-0.65354979" /><tag k="local_y" v="-31.52065277" /><tag k="local_z" v="2.67222381" /></node><node id="-458" action="modify" visible="true" lat="-0.00027877" lon="-0.00001658"><tag k="local_x" v="-1.84529662" /><tag k="local_y" v="-31.03250122" /><tag k="local_z" v="2.64280462" /></node><node id="-459" action="modify" visible="true" lat="-0.00027498" lon="-0.00002781"><tag k="local_x" v="-3.09612274" /><tag k="local_y" v="-30.61123657" /><tag k="local_z" v="2.62691021" /></node><node id="-460" action="modify" visible="true" lat="-0.00027167" lon="-0.00003629"><tag k="local_x" v="-4.03939772" /><tag k="local_y" v="-30.24245834" /><tag k="local_z" v="2.61157417" /></node><node id="-461" action="modify" visible="true" lat="-0.00026777" lon="-0.00004527"><tag k="local_x" v="-5.03922272" /><tag k="local_y" v="-29.80820847" /><tag k="local_z" v="2.57530570" /></node><node id="-462" action="modify" visible="true" lat="-0.00026299" lon="-0.00005655"><tag k="local_x" v="-6.29536390" /><tag k="local_y" v="-29.27620888" /><tag k="local_z" v="2.54976606" /></node><node id="-463" action="modify" visible="true" lat="-0.00025979" lon="-0.00006497"><tag k="local_x" v="-7.23285437" /><tag k="local_y" v="-28.91927910" /><tag k="local_z" v="2.53809476" /></node><node id="-464" action="modify" visible="true" lat="-0.00025654" lon="-0.00007346"><tag k="local_x" v="-8.17730522" /><tag k="local_y" v="-28.55845451" /><tag k="local_z" v="2.51334524" /></node><node id="-465" action="modify" visible="true" lat="-0.00025247" lon="-0.00008377"><tag k="local_x" v="-9.32492924" /><tag k="local_y" v="-28.10468483" /><tag k="local_z" v="2.49455047" /></node><node id="-466" action="modify" visible="true" lat="-0.00024847" lon="-0.00009325"><tag k="local_x" v="-10.38078308" /><tag k="local_y" v="-27.65982628" /><tag k="local_z" v="2.49514151" /></node><node id="-467" action="modify" visible="true" lat="-0.00024461" lon="-0.00010245"><tag k="local_x" v="-11.40519714" /><tag k="local_y" v="-27.23038292" /><tag k="local_z" v="2.45957661" /></node><node id="-468" action="modify" visible="true" lat="-0.00024065" lon="-0.00011159"><tag k="local_x" v="-12.42252064" /><tag k="local_y" v="-26.78947449" /><tag k="local_z" v="2.45788217" /></node><node id="-469" action="modify" visible="true" lat="-0.00023724" lon="-0.00012012"><tag k="local_x" v="-13.37153721" /><tag k="local_y" v="-26.40933037" /><tag k="local_z" v="2.44515991" /></node><node id="-470" action="modify" visible="true" lat="-0.00023380" lon="-0.00012861"><tag k="local_x" v="-14.31731415" /><tag k="local_y" v="-26.02627563" /><tag k="local_z" v="2.42481852" /></node><node id="-471" action="modify" visible="true" lat="-0.00023022" lon="-0.00013686"><tag k="local_x" v="-15.23560810" /><tag k="local_y" v="-25.62816620" /><tag k="local_z" v="2.40858221" /></node><node id="-472" action="modify" visible="true" lat="-0.00022688" lon="-0.00014539"><tag k="local_x" v="-16.18457985" /><tag k="local_y" v="-25.25676918" /><tag k="local_z" v="2.40900755" /></node><node id="-473" action="modify" visible="true" lat="-0.00022357" lon="-0.00015386"><tag k="local_x" v="-17.12775230" /><tag k="local_y" v="-24.88741684" /><tag k="local_z" v="2.39450908" /></node><node id="-474" action="modify" visible="true" lat="-0.00022037" lon="-0.00016235"><tag k="local_x" v="-18.07324600" /><tag k="local_y" v="-24.53140450" /><tag k="local_z" v="2.38117766" /></node><node id="-475" action="modify" visible="true" lat="-0.00021679" lon="-0.00017127"><tag k="local_x" v="-19.06547356" /><tag k="local_y" v="-24.13312531" /><tag k="local_z" v="2.36365604" /></node><node id="-476" action="modify" visible="true" lat="-0.00021316" lon="-0.00018041"><tag k="local_x" v="-20.08378983" /><tag k="local_y" v="-23.72918701" /><tag k="local_z" v="2.36149025" /></node><node id="-477" action="modify" visible="true" lat="-0.00020971" lon="-0.00018947"><tag k="local_x" v="-21.09190369" /><tag k="local_y" v="-23.34476662" /><tag k="local_z" v="2.36528134" /></node><node id="-478" action="modify" visible="true" lat="-0.00020615" lon="-0.00019847"><tag k="local_x" v="-22.09403419" /><tag k="local_y" v="-22.94871712" /><tag k="local_z" v="2.35235047" /></node><node id="-479" action="modify" visible="true" lat="-0.00020254" lon="-0.00020771"><tag k="local_x" v="-23.12225533" /><tag k="local_y" v="-22.54707718" /><tag k="local_z" v="2.32562280" /></node><node id="-480" action="modify" visible="true" lat="-0.00019916" lon="-0.00021660"><tag k="local_x" v="-24.11159706" /><tag k="local_y" v="-22.16996193" /><tag k="local_z" v="2.33126545" /></node><node id="-481" action="modify" visible="true" lat="-0.00019574" lon="-0.00022584"><tag k="local_x" v="-25.14022255" /><tag k="local_y" v="-21.78964615" /><tag k="local_z" v="2.32412958" /></node><node id="-482" action="modify" visible="true" lat="-0.00019246" lon="-0.00023506"><tag k="local_x" v="-26.16734886" /><tag k="local_y" v="-21.42488861" /><tag k="local_z" v="2.29766440" /></node><node id="-483" action="modify" visible="true" lat="-0.00018912" lon="-0.00024392"><tag k="local_x" v="-27.15276146" /><tag k="local_y" v="-21.05315399" /><tag k="local_z" v="2.27862787" /></node><node id="-484" action="modify" visible="true" lat="-0.00018572" lon="-0.00025321"><tag k="local_x" v="-28.18720818" /><tag k="local_y" v="-20.67412758" /><tag k="local_z" v="2.27721047" /></node><node id="-485" action="modify" visible="true" lat="-0.00018231" lon="-0.00026175"><tag k="local_x" v="-29.13825226" /><tag k="local_y" v="-20.29474831" /><tag k="local_z" v="2.27891254" /></node><node id="-486" action="modify" visible="true" lat="-0.00017906" lon="-0.00027018"><tag k="local_x" v="-30.07683372" /><tag k="local_y" v="-19.93289566" /><tag k="local_z" v="2.27816844" /></node><node id="-487" action="modify" visible="true" lat="-0.00017429" lon="-0.00028092"><tag k="local_x" v="-31.27201080" /><tag k="local_y" v="-19.40240860" /><tag k="local_z" v="2.23452330" /></node><node id="-488" action="modify" visible="true" lat="-0.00017093" lon="-0.00028620"><tag k="local_x" v="-31.86013412" /><tag k="local_y" v="-19.02833748" /><tag k="local_z" v="2.16386199" /></node><node id="-489" action="modify" visible="true" lat="-0.00016443" lon="-0.00029393"><tag k="local_x" v="-32.71986008" /><tag k="local_y" v="-18.30471611" /><tag k="local_z" v="1.94567895" /></node><node id="-490" action="modify" visible="true" lat="-0.00015723" lon="-0.00030069"><tag k="local_x" v="-33.47315979" /><tag k="local_y" v="-17.50257874" /><tag k="local_z" v="1.85848248" /></node><node id="-491" action="modify" visible="true" lat="-0.00015076" lon="-0.00030532"><tag k="local_x" v="-33.98804092" /><tag k="local_y" v="-16.78293610" /><tag k="local_z" v="1.84212565" /></node><node id="-492" action="modify" visible="true" lat="-0.00014806" lon="-0.00030651"><tag k="local_x" v="-34.12036133" /><tag k="local_y" v="-16.48197174" /><tag k="local_z" v="1.81547487" /></node><node id="-493" action="modify" visible="true" lat="-0.00014515" lon="-0.00030748"><tag k="local_x" v="-34.22885895" /><tag k="local_y" v="-16.15801048" /><tag k="local_z" v="1.82723737" /></node><node id="-494" action="modify" visible="true" lat="-0.00013966" lon="-0.00030728"><tag k="local_x" v="-34.20654297" /><tag k="local_y" v="-15.54647636" /><tag k="local_z" v="1.78075302" /></node><node id="-495" action="modify" visible="true" lat="-0.00013327" lon="-0.00030541"><tag k="local_x" v="-33.99834442" /><tag k="local_y" v="-14.83550930" /><tag k="local_z" v="1.72994673" /></node><node id="-496" action="modify" visible="true" lat="-0.00012566" lon="-0.00030007"><tag k="local_x" v="-33.40389633" /><tag k="local_y" v="-13.98856163" /><tag k="local_z" v="1.66024148" /></node><node id="-497" action="modify" visible="true" lat="-0.00011824" lon="-0.00029388"><tag k="local_x" v="-32.71497726" /><tag k="local_y" v="-13.16259480" /><tag k="local_z" v="1.59412682" /></node><node id="-498" action="modify" visible="true" lat="-0.00011140" lon="-0.00028665"><tag k="local_x" v="-31.90954590" /><tag k="local_y" v="-12.40159130" /><tag k="local_z" v="1.52312505" /></node><node id="-499" action="modify" visible="true" lat="-0.00010548" lon="-0.00027854"><tag k="local_x" v="-31.00652885" /><tag k="local_y" v="-11.74170303" /><tag k="local_z" v="1.48331976" /></node><node id="-500" action="modify" visible="true" lat="-0.00010330" lon="-0.00027393"><tag k="local_x" v="-30.49359703" /><tag k="local_y" v="-11.49969387" /><tag k="local_z" v="1.46064103" /></node><node id="-501" action="modify" visible="true" lat="-0.00010181" lon="-0.00026828"><tag k="local_x" v="-29.86466408" /><tag k="local_y" v="-11.33373928" /><tag k="local_z" v="1.41095221" /></node><node id="-502" action="modify" visible="true" lat="-0.00010119" lon="-0.00025820"><tag k="local_x" v="-28.74257278" /><tag k="local_y" v="-11.26449680" /><tag k="local_z" v="1.34155452" /></node><node id="-503" action="modify" visible="true" lat="-0.00010081" lon="-0.00024875"><tag k="local_x" v="-27.69136620" /><tag k="local_y" v="-11.22233868" /><tag k="local_z" v="1.26836991" /></node><node id="-504" action="modify" visible="true" lat="-0.00009942" lon="-0.00023997"><tag k="local_x" v="-26.71291161" /><tag k="local_y" v="-11.06716156" /><tag k="local_z" v="1.22935796" /></node><node id="-505" action="modify" visible="true" lat="-0.00009533" lon="-0.00023068"><tag k="local_x" v="-25.67887688" /><tag k="local_y" v="-10.61264133" /><tag k="local_z" v="1.16724610" /></node><node id="-506" action="modify" visible="true" lat="-0.00009056" lon="-0.00021941"><tag k="local_x" v="-24.42461586" /><tag k="local_y" v="-10.08080959" /><tag k="local_z" v="1.11160505" /></node><node id="-507" action="modify" visible="true" lat="-0.00008781" lon="-0.00021051"><tag k="local_x" v="-23.43342209" /><tag k="local_y" v="-9.77493382" /><tag k="local_z" v="1.05685544" /></node><node id="-508" action="modify" visible="true" lat="-0.00008419" lon="-0.00020164"><tag k="local_x" v="-22.44690895" /><tag k="local_y" v="-9.37194157" /><tag k="local_z" v="0.99127227" /></node><node id="-509" action="modify" visible="true" lat="-0.00007951" lon="-0.00019192"><tag k="local_x" v="-21.36487579" /><tag k="local_y" v="-8.85053825" /><tag k="local_z" v="0.95045942" /></node><node id="-510" action="modify" visible="true" lat="-0.00007471" lon="-0.00018222"><tag k="local_x" v="-20.28439331" /><tag k="local_y" v="-8.31648922" /><tag k="local_z" v="0.87777746" /></node><node id="-511" action="modify" visible="true" lat="-0.00007004" lon="-0.00017257"><tag k="local_x" v="-19.21071053" /><tag k="local_y" v="-7.79665709" /><tag k="local_z" v="0.83394486" /></node><node id="-512" action="modify" visible="true" lat="-0.00006461" lon="-0.00016358"><tag k="local_x" v="-18.20991325" /><tag k="local_y" v="-7.19235086" /><tag k="local_z" v="0.79043478" /></node><node id="-513" action="modify" visible="true" lat="-0.00005898" lon="-0.00015417"><tag k="local_x" v="-17.16183090" /><tag k="local_y" v="-6.56511641" /><tag k="local_z" v="0.74044597" /></node><node id="-514" action="modify" visible="true" lat="-0.00005352" lon="-0.00014473"><tag k="local_x" v="-16.11171341" /><tag k="local_y" v="-5.95736217" /><tag k="local_z" v="0.69567549" /></node><node id="-515" action="modify" visible="true" lat="-0.00004865" lon="-0.00013704"><tag k="local_x" v="-15.25555038" /><tag k="local_y" v="-5.41595125" /><tag k="local_z" v="0.65160429" /></node><node id="-516" action="modify" visible="true" lat="-0.00004361" lon="-0.00012921"><tag k="local_x" v="-14.38338280" /><tag k="local_y" v="-4.85520983" /><tag k="local_z" v="0.60776973" /></node><node id="-517" action="modify" visible="true" lat="-0.00003872" lon="-0.00012110"><tag k="local_x" v="-13.48083878" /><tag k="local_y" v="-4.31000280" /><tag k="local_z" v="0.58966726" /></node><node id="-518" action="modify" visible="true" lat="-0.00003366" lon="-0.00011241"><tag k="local_x" v="-12.51370239" /><tag k="local_y" v="-3.74752545" /><tag k="local_z" v="0.52539510" /></node><node id="-519" action="modify" visible="true" lat="-0.00002853" lon="-0.00010365"><tag k="local_x" v="-11.53835678" /><tag k="local_y" v="-3.17616105" /><tag k="local_z" v="0.49431330" /></node><node id="-520" action="modify" visible="true" lat="-0.00002378" lon="-0.00009483"><tag k="local_x" v="-10.55684566" /><tag k="local_y" v="-2.64709949" /><tag k="local_z" v="0.42971742" /></node><node id="-521" action="modify" visible="true" lat="-0.00001899" lon="-0.00008570"><tag k="local_x" v="-9.53991413" /><tag k="local_y" v="-2.11398602" /><tag k="local_z" v="0.39281228" /></node><node id="-522" action="modify" visible="true" lat="-0.00001443" lon="-0.00007671"><tag k="local_x" v="-8.53977680" /><tag k="local_y" v="-1.60635233" /><tag k="local_z" v="0.34402424" /></node><node id="-523" action="modify" visible="true" lat="-0.00001017" lon="-0.00006817"><tag k="local_x" v="-7.58826637" /><tag k="local_y" v="-1.13181067" /><tag k="local_z" v="0.29805917" /></node><node id="-524" action="modify" visible="true" lat="-0.00000596" lon="-0.00005907"><tag k="local_x" v="-6.57540035" /><tag k="local_y" v="-0.66334575" /><tag k="local_z" v="0.26148400" /></node><node id="-525" action="modify" visible="true" lat="-0.00000242" lon="-0.00004925"><tag k="local_x" v="-5.48214340" /><tag k="local_y" v="-0.26971239" /><tag k="local_z" v="0.22195387" /></node><node id="-526" action="modify" visible="true" lat="0.00000004" lon="-0.00003958"><tag k="local_x" v="-4.40586567" /><tag k="local_y" v="0.00406392" /><tag k="local_z" v="0.18538795" /></node><node id="-527" action="modify" visible="true" lat="0.00000157" lon="-0.00002967"><tag k="local_x" v="-3.30326247" /><tag k="local_y" v="0.17443389" /><tag k="local_z" v="0.15200594" /></node><node id="-528" action="modify" visible="true" lat="0.00000133" lon="-0.00002018"><tag k="local_x" v="-2.24654984" /><tag k="local_y" v="0.14776482" /><tag k="local_z" v="0.08813182" /></node><node id="-529" action="modify" visible="true" lat="-0.00000043" lon="-0.00001015"><tag k="local_x" v="-1.12976336" /><tag k="local_y" v="-0.04826168" /><tag k="local_z" v="0.05416790" /></node><node id="-530" action="modify" visible="true" lat="-0.00000314" lon="-0.00000241"><tag k="local_x" v="-0.26818883" /><tag k="local_y" v="-0.34982842" /><tag k="local_z" v="0.01060010" /></node><way id="-1" action="modify" visible="true"><nd ref="-1" /><nd ref="-2" /><nd ref="-3" /><nd ref="-4" /><nd ref="-5" /><nd ref="-6" /><nd ref="-7" /><nd ref="-8" /><nd ref="-9" /><nd ref="-10" /><nd ref="-11" /><nd ref="-12" /><nd ref="-13" /><nd ref="-14" /><nd ref="-15" /><nd ref="-16" /><nd ref="-17" /><nd ref="-18" /><nd ref="-19" /><nd ref="-20" /><nd ref="-21" /><nd ref="-22" /><nd ref="-23" /><nd ref="-24" /><nd ref="-25" /><nd ref="-26" /><nd ref="-27" /><nd ref="-28" /><nd ref="-29" /><nd ref="-30" /><nd ref="-31" /><nd ref="-32" /><nd ref="-33" /><nd ref="-34" /><nd ref="-35" /><nd ref="-36" /><nd ref="-37" /><nd ref="-38" /><nd ref="-39" /><nd ref="-40" /><nd ref="-41" /><nd ref="-42" /><nd ref="-43" /><nd ref="-44" /><nd ref="-45" /><nd ref="-46" /><nd ref="-47" /><nd ref="-48" /><nd ref="-49" /><nd ref="-50" /><nd ref="-51" /><nd ref="-52" /><nd ref="-53" /><nd ref="-54" /><nd ref="-55" /><nd ref="-56" /><nd ref="-57" /><nd ref="-58" /><nd ref="-59" /><nd ref="-60" /><nd ref="-61" /><nd ref="-62" /><nd ref="-63" /><nd ref="-64" /><nd ref="-65" /><nd ref="-66" /><nd ref="-67" /><nd ref="-68" /><nd ref="-69" /><nd ref="-70" /><nd ref="-71" /><nd ref="-72" /><nd ref="-73" /><nd ref="-74" /><nd ref="-75" /><nd ref="-76" /><nd ref="-77" /><nd ref="-78" /><nd ref="-79" /><nd ref="-80" /><nd ref="-81" /><nd ref="-82" /><nd ref="-83" /><nd ref="-84" /><nd ref="-85" /><nd ref="-86" /><nd ref="-87" /><nd ref="-88" /><nd ref="-89" /><nd ref="-90" /><nd ref="-91" /><nd ref="-92" /><nd ref="-93" /><nd ref="-94" /><nd ref="-95" /><nd ref="-96" /><nd ref="-97" /><nd ref="-98" /><nd ref="-99" /><nd ref="-100" /><nd ref="-101" /><nd ref="-102" /><nd ref="-103" /><nd ref="-104" /><nd ref="-105" /><nd ref="-106" /><nd ref="-107" /><nd ref="-108" /><nd ref="-109" /><nd ref="-110" /><nd ref="-111" /><nd ref="-112" /><nd ref="-113" /><nd ref="-114" /><nd ref="-115" /><nd ref="-116" /><nd ref="-117" /><nd ref="-118" /><nd ref="-119" /><nd ref="-120" /><nd ref="-121" /><nd ref="-122" /><nd ref="-123" /><nd ref="-124" /><nd ref="-125" /><nd ref="-126" /><nd ref="-127" /><nd ref="-128" /><nd ref="-129" /><nd ref="-130" /><nd ref="-131" /><nd ref="-132" /><nd ref="-133" /><nd ref="-134" /><nd ref="-135" /><nd ref="-136" /><nd ref="-137" /><nd ref="-138" /><nd ref="-139" /><nd ref="-140" /><nd ref="-141" /><nd ref="-142" /><nd ref="-143" /><nd ref="-144" /><nd ref="-145" /><nd ref="-146" /><nd ref="-147" /><nd ref="-148" /><nd ref="-149" /><nd ref="-150" /><nd ref="-151" /><nd ref="-152" /><nd ref="-153" /><nd ref="-154" /><nd ref="-155" /><nd ref="-156" /><nd ref="-157" /><nd ref="-158" /><nd ref="-159" /><nd ref="-160" /><nd ref="-161" /><nd ref="-162" /><nd ref="-163" /><nd ref="-164" /><nd ref="-165" /><nd ref="-166" /><nd ref="-167" /><nd ref="-168" /><nd ref="-169" /><nd ref="-170" /><nd ref="-171" /><nd ref="-172" /><nd ref="-173" /><nd ref="-174" /><nd ref="-175" /><nd ref="-176" /><nd ref="-177" /><nd ref="-178" /><nd ref="-179" /><nd ref="-180" /><nd ref="-181" /><nd ref="-182" /><nd ref="-183" /><nd ref="-184" /><nd ref="-185" /><nd ref="-186" /><nd ref="-187" /><nd ref="-188" /><nd ref="-189" /><nd ref="-190" /><nd ref="-191" /><nd ref="-192" /><nd ref="-193" /><nd ref="-194" /><nd ref="-195" /><nd ref="-196" /><nd ref="-197" /><nd ref="-198" /><nd ref="-199" /><nd ref="-200" /><nd ref="-201" /><nd ref="-202" /><nd ref="-203" /><nd ref="-204" /><nd ref="-205" /><nd ref="-206" /><nd ref="-207" /><nd ref="-208" /><nd ref="-209" /><nd ref="-210" /><nd ref="-211" /><nd ref="-212" /><nd ref="-213" /><nd ref="-214" /><nd ref="-215" /><nd ref="-216" /><nd ref="-217" /><nd ref="-218" /><nd ref="-219" /><nd ref="-220" /><nd ref="-221" /><nd ref="-222" /><nd ref="-223" /><nd ref="-224" /><nd ref="-225" /><nd ref="-226" /><nd ref="-227" /><nd ref="-228" /><nd ref="-229" /><nd ref="-230" /><nd ref="-231" /><nd ref="-232" /><nd ref="-233" /><nd ref="-234" /><nd ref="-235" /><nd ref="-236" /><nd ref="-237" /><nd ref="-238" /><nd ref="-239" /><nd ref="-240" /><nd ref="-241" /><nd ref="-242" /><nd ref="-243" /><nd ref="-244" /><nd ref="-245" /><nd ref="-246" /><nd ref="-247" /><nd ref="-248" /><nd ref="-249" /><nd ref="-250" /><nd ref="-251" /><nd ref="-252" /><nd ref="-253" /><nd ref="-254" /><nd ref="-255" /><nd ref="-256" /><nd ref="-257" /><nd ref="-258" /><nd ref="-259" /><nd ref="-260" /><nd ref="-261" /><nd ref="-262" /><nd ref="-263" /><nd ref="-264" /><nd ref="-265" /><nd ref="-266" /><nd ref="-267" /><nd ref="-268" /><nd ref="-269" /><nd ref="-270" /><nd ref="-271" /><nd ref="-272" /><nd ref="-273" /><nd ref="-274" /><nd ref="-275" /><nd ref="-276" /><nd ref="-277" /><nd ref="-278" /><nd ref="-279" /><nd ref="-280" /><nd ref="-281" /><nd ref="-282" /><nd ref="-283" /><nd ref="-284" /><nd ref="-285" /><nd ref="-286" /><nd ref="-287" /><nd ref="-288" /><nd ref="-289" /><nd ref="-290" /><nd ref="-291" /><nd ref="-292" /><nd ref="-293" /><nd ref="-294" /><nd ref="-295" /><nd ref="-296" /><nd ref="-297" /><nd ref="-298" /><nd ref="-299" /><nd ref="-300" /><nd ref="-301" /><nd ref="-302" /><nd ref="-303" /><nd ref="-304" /><nd ref="-305" /><nd ref="-306" /><nd ref="-307" /><nd ref="-308" /><nd ref="-309" /><nd ref="-310" /><nd ref="-311" /><nd ref="-312" /><nd ref="-313" /><nd ref="-314" /><nd ref="-315" /><nd ref="-316" /><nd ref="-317" /><nd ref="-318" /><nd ref="-319" /><nd ref="-320" /><nd ref="-321" /><nd ref="-322" /><nd ref="-323" /><nd ref="-324" /><nd ref="-325" /><nd ref="-326" /><nd ref="-327" /><nd ref="-328" /><nd ref="-329" /><nd ref="-330" /><nd ref="-331" /><nd ref="-332" /><nd ref="-333" /><nd ref="-334" /><nd ref="-335" /><nd ref="-336" /><nd ref="-337" /><nd ref="-338" /><nd ref="-339" /><nd ref="-340" /><nd ref="-341" /><nd ref="-342" /><nd ref="-343" /><nd ref="-344" /><nd ref="-345" /><nd ref="-346" /><nd ref="-347" /><nd ref="-348" /><nd ref="-349" /><nd ref="-350" /><nd ref="-351" /><nd ref="-352" /><nd ref="-353" /><nd ref="-354" /><nd ref="-355" /><nd ref="-356" /><nd ref="-357" /><nd ref="-358" /><nd ref="-359" /><nd ref="-360" /><nd ref="-361" /><nd ref="-362" /><nd ref="-363" /><nd ref="-364" /><nd ref="-365" /><nd ref="-366" /><nd ref="-367" /><nd ref="-368" /><nd ref="-369" /><nd ref="-370" /><nd ref="-371" /><nd ref="-372" /><nd ref="-373" /><nd ref="-374" /><nd ref="-375" /><nd ref="-376" /><nd ref="-377" /><nd ref="-378" /><nd ref="-379" /><nd ref="-380" /><nd ref="-381" /><nd ref="-382" /><nd ref="-383" /><nd ref="-384" /><nd ref="-385" /><nd ref="-386" /><nd ref="-387" /><nd ref="-388" /><nd ref="-389" /><nd ref="-390" /><nd ref="-391" /><nd ref="-392" /><nd ref="-393" /><nd ref="-394" /><nd ref="-395" /><nd ref="-396" /><nd ref="-397" /><nd ref="-398" /><nd ref="-399" /><nd ref="-400" /><nd ref="-401" /><nd ref="-402" /><nd ref="-403" /><nd ref="-404" /><nd ref="-405" /><nd ref="-406" /><nd ref="-407" /><nd ref="-408" /><nd ref="-409" /><nd ref="-410" /><nd ref="-411" /><nd ref="-412" /><nd ref="-413" /><nd ref="-414" /><nd ref="-415" /><nd ref="-416" /><nd ref="-417" /><nd ref="-418" /><nd ref="-419" /><nd ref="-420" /><nd ref="-421" /><nd ref="-422" /><nd ref="-423" /><nd ref="-424" /><nd ref="-425" /><nd ref="-426" /><nd ref="-427" /><nd ref="-428" /><nd ref="-429" /><nd ref="-430" /><nd ref="-431" /><nd ref="-432" /><nd ref="-433" /><nd ref="-434" /><nd ref="-435" /><nd ref="-436" /><nd ref="-437" /><nd ref="-438" /><nd ref="-439" /><nd ref="-440" /><nd ref="-441" /><nd ref="-442" /><nd ref="-443" /><nd ref="-444" /><nd ref="-445" /><nd ref="-446" /><nd ref="-447" /><nd ref="-448" /><nd ref="-449" /><nd ref="-450" /><nd ref="-451" /><nd ref="-452" /><nd ref="-453" /><nd ref="-454" /><nd ref="-455" /><nd ref="-456" /><nd ref="-457" /><nd ref="-458" /><nd ref="-459" /><nd ref="-460" /><nd ref="-461" /><nd ref="-462" /><nd ref="-463" /><nd ref="-464" /><nd ref="-465" /><nd ref="-466" /><nd ref="-467" /><nd ref="-468" /><nd ref="-469" /><nd ref="-470" /><nd ref="-471" /><nd ref="-472" /><nd ref="-473" /><nd ref="-474" /><nd ref="-475" /><nd ref="-476" /><nd ref="-477" /><nd ref="-478" /><nd ref="-479" /><nd ref="-480" /><nd ref="-481" /><nd ref="-482" /><nd ref="-483" /><nd ref="-484" /><nd ref="-485" /><nd ref="-486" /><nd ref="-487" /><nd ref="-488" /><nd ref="-489" /><nd ref="-490" /><nd ref="-491" /><nd ref="-492" /><nd ref="-493" /><nd ref="-494" /><nd ref="-495" /><nd ref="-496" /><nd ref="-497" /><nd ref="-498" /><nd ref="-499" /><nd ref="-500" /><nd ref="-501" /><nd ref="-502" /><nd ref="-503" /><nd ref="-504" /><nd ref="-505" /><nd ref="-506" /><nd ref="-507" /><nd ref="-508" /><nd ref="-509" /><nd ref="-510" /><nd ref="-511" /><nd ref="-512" /><nd ref="-513" /><nd ref="-514" /><nd ref="-515" /><nd ref="-516" /><nd ref="-517" /><nd ref="-518" /><nd ref="-519" /><nd ref="-520" /><nd ref="-521" /><nd ref="-522" /><nd ref="-523" /><nd ref="-524" /><nd ref="-525" /><nd ref="-526" /><nd ref="-527" /><nd ref="-528" /><nd ref="-529" /><nd ref="-530" /><tag k="highway" v="service" /><tag k="name" v="auto_generated" /><tag k="coord_mode" v="local" /></way></osm>
